threshold,CER,RR,CER_change
-1.1,0.32043734230445753,0.0,0.0
-0.12253326177597046,0.32043734230445753,0.002109704641350211,0.0
-0.10268191993236542,0.32043734230445753,0.004219409282700422,0.0
-0.09493961930274963,0.32043734230445753,0.006329113924050633,0.0
-0.0861654132604599,0.32043734230445753,0.008438818565400843,0.0
-0.0805293470621109,0.32043734230445753,0.010548523206751054,0.0
-0.07981783151626587,0.32043734230445753,0.012658227848101266,0.0
-0.07957305014133453,0.32043734230445753,0.014767932489451477,0.0
-0.07829366624355316,0.32043734230445753,0.016877637130801686,0.0
-0.07684499025344849,0.32043734230445753,0.0189873417721519,0.0
-0.07429574429988861,0.3208578637510513,0.0189873417721519,0.000420521446593769
-0.07086999714374542,0.3213835155592935,0.0189873417721519,0.0009461732548359802
-0.06846031546592712,0.3213835155592935,0.02109704641350211,0.0009461732548359802
-0.06541191041469574,0.3213835155592935,0.023206751054852322,0.0009461732548359802
-0.06340637803077698,0.3213835155592935,0.02531645569620253,0.0009461732548359802
-0.060738641768693924,0.32096299411269974,0.02531645569620253,0.0005256518082422112
-0.05375739187002182,0.32096299411269974,0.027426160337552744,0.0005256518082422112
-0.048333216458559036,0.32096299411269974,0.029535864978902954,0.0005256518082422112
-0.04675862193107605,0.32096299411269974,0.03164556962025317,0.0005256518082422112
-0.04570094123482704,0.32096299411269974,0.03164556962025317,0.0005256518082422112
-0.045155949890613556,0.32096299411269974,0.03375527426160337,0.0005256518082422112
-0.04424026608467102,0.32096299411269974,0.035864978902953586,0.0005256518082422112
-0.04270671308040619,0.32096299411269974,0.0379746835443038,0.0005256518082422112
-0.04183758795261383,0.32148864592094195,0.0379746835443038,0.0010513036164844225
-0.040046293288469315,0.32148864592094195,0.04008438818565401,0.0010513036164844225
-0.03749621659517288,0.32148864592094195,0.04219409282700422,0.0010513036164844225
-0.036612674593925476,0.32148864592094195,0.04430379746835443,0.0010513036164844225
-0.03633199632167816,0.32148864592094195,0.046413502109704644,0.0010513036164844225
-0.03523428738117218,0.32148864592094195,0.04852320675105485,0.0010513036164844225
-0.03431696444749832,0.32232968881412954,0.04852320675105485,0.001892346509672016
-0.033759623765945435,0.32232968881412954,0.05063291139240506,0.001892346509672016
-0.03116263635456562,0.32211942809083266,0.05063291139240506,0.0016820857863751315
-0.027331795543432236,0.32211942809083266,0.052742616033755275,0.0016820857863751315
-0.024771787226200104,0.32211942809083266,0.05485232067510549,0.0016820857863751315
-0.023269537836313248,0.32211942809083266,0.056962025316455694,0.0016820857863751315
-0.02127012610435486,0.32211942809083266,0.05907172995780591,0.0016820857863751315
-0.019789790734648705,0.32201429772918416,0.05907172995780591,0.0015769554247266337
-0.019307183101773262,0.32201429772918416,0.06118143459915612,0.0015769554247266337
-0.017822448164224625,0.32201429772918416,0.06329113924050633,0.0015769554247266337
-0.01657341793179512,0.32201429772918416,0.06540084388185655,0.0015769554247266337
-0.016270212829113007,0.32201429772918416,0.06751054852320675,0.0015769554247266337
-0.01592058688402176,0.32201429772918416,0.06962025316455696,0.0015769554247266337
-0.014416919089853764,0.32201429772918416,0.07172995780590717,0.0015769554247266337
-0.011593669652938843,0.32201429772918416,0.07383966244725738,0.0015769554247266337
-0.01001511886715889,0.322434819175778,0.07383966244725738,0.0019974768713204583
-0.009792879223823547,0.322434819175778,0.0759493670886076,0.0019974768713204583
-0.009360600262880325,0.322434819175778,0.07805907172995781,0.0019974768713204583
-0.008531574159860611,0.322434819175778,0.08016877637130802,0.0019974768713204583
-0.007986124604940414,0.322434819175778,0.08227848101265822,0.0019974768713204583
-0.007655467838048935,0.322434819175778,0.08438818565400844,0.0019974768713204583
-0.007359138689935207,0.322434819175778,0.08649789029535865,0.0019974768713204583
-0.0071733491495251656,0.322434819175778,0.08860759493670886,0.0019974768713204583
-0.006568478420376778,0.322434819175778,0.09071729957805907,0.0019974768713204583
-0.005928435362875462,0.32285534062237176,0.09071729957805907,0.0024179983179142273
-0.004939333535730839,0.32285534062237176,0.09282700421940929,0.0024179983179142273
-0.003910059109330177,0.32285534062237176,0.0949367088607595,0.0024179983179142273
-0.002939497120678425,0.32285534062237176,0.0970464135021097,0.0024179983179142273
-0.0011849668808281422,0.32285534062237176,0.09915611814345991,0.0024179983179142273
-7.180636748671532e-05,0.32285534062237176,0.10126582278481013,0.0024179983179142273
0.00010473513975739479,0.32285534062237176,0.10337552742616034,0.0024179983179142273
0.0002735797315835953,0.32285534062237176,0.10548523206751055,0.0024179983179142273
0.00040490319952368736,0.32285534062237176,0.10759493670886076,0.0024179983179142273
0.0004982296377420425,0.32285534062237176,0.10970464135021098,0.0024179983179142273
0.0006165988743305206,0.32285534062237176,0.11181434599156118,0.0024179983179142273
0.001283442135900259,0.32285534062237176,0.11392405063291139,0.0024179983179142273
0.0020315214060246944,0.32285534062237176,0.1160337552742616,0.0024179983179142273
0.0022977818734943867,0.32285534062237176,0.11814345991561181,0.0024179983179142273
0.00255274074152112,0.32285534062237176,0.12025316455696203,0.0024179983179142273
0.002890639007091522,0.32285534062237176,0.12236286919831224,0.0024179983179142273
0.0033475877717137337,0.32285534062237176,0.12447257383966245,0.0024179983179142273
0.004422134719789028,0.32285534062237176,0.12658227848101267,0.0024179983179142273
0.005706872791051865,0.32285534062237176,0.12869198312236288,0.0024179983179142273
0.006744972430169582,0.32285534062237176,0.1308016877637131,0.0024179983179142273
0.007657123729586601,0.32285534062237176,0.13291139240506328,0.0024179983179142273
0.008198422379791737,0.32285534062237176,0.1350210970464135,0.0024179983179142273
0.008823862299323082,0.32285534062237176,0.1371308016877637,0.0024179983179142273
0.009493774734437466,0.32285534062237176,0.13924050632911392,0.0024179983179142273
0.010210609063506126,0.32285534062237176,0.14135021097046413,0.0024179983179142273
0.011267284862697124,0.32285534062237176,0.14345991561181434,0.0024179983179142273
0.012017366476356983,0.3229604709840202,0.14345991561181434,0.0025231286795626695
0.01269348245114088,0.3229604709840202,0.14556962025316456,0.0025231286795626695
0.013444415293633938,0.32338099243061397,0.14556962025316456,0.0029436501261564385
0.013983556069433689,0.32338099243061397,0.14767932489451477,0.0029436501261564385
0.01460599061101675,0.3239066442388562,0.14767932489451477,0.0034693019343986498
0.01512735802680254,0.3239066442388562,0.14978902953586498,0.0034693019343986498
0.01550579909235239,0.32453742640874683,0.14978902953586498,0.004100084104289303
0.015856020152568817,0.32453742640874683,0.1518987341772152,0.004100084104289303
0.016265839338302612,0.3244322960470984,0.1518987341772152,0.003994953742640861
0.017645645886659622,0.3244322960470984,0.1540084388185654,0.003994953742640861
0.019404280930757523,0.3244322960470984,0.15611814345991562,0.003994953742640861
0.020483236759901047,0.3244322960470984,0.15822784810126583,0.003994953742640861
0.02101193554699421,0.32506307821698904,0.15822784810126583,0.0046257359125315145
0.021661803126335144,0.32506307821698904,0.16033755274261605,0.0046257359125315145
0.022998396307229996,0.32506307821698904,0.16244725738396623,0.0046257359125315145
0.023942168802022934,0.32506307821698904,0.16455696202531644,0.0046257359125315145
0.02449140138924122,0.32506307821698904,0.16666666666666666,0.0046257359125315145
0.02516324445605278,0.32506307821698904,0.16877637130801687,0.0046257359125315145
0.025620318949222565,0.32506307821698904,0.17088607594936708,0.0046257359125315145
0.025804024189710617,0.32506307821698904,0.1729957805907173,0.0046257359125315145
0.026286333799362183,0.32590412111017664,0.1729957805907173,0.005466778805719108
0.02681334689259529,0.32590412111017664,0.1729957805907173,0.005466778805719108
0.027028227224946022,0.32590412111017664,0.1751054852320675,0.005466778805719108
0.02730404958128929,0.32590412111017664,0.17721518987341772,0.005466778805719108
0.02792193740606308,0.32590412111017664,0.17932489451476794,0.005466778805719108
0.029337545856833458,0.32590412111017664,0.18143459915611815,0.005466778805719108
0.030291227623820305,0.32590412111017664,0.18354430379746836,0.005466778805719108
0.030723802745342255,0.32590412111017664,0.18565400843881857,0.005466778805719108
0.031246203929185867,0.3267451640033642,0.18565400843881857,0.006307821698906646
0.031637042760849,0.3267451640033642,0.1877637130801688,0.006307821698906646
0.03196852654218674,0.3267451640033642,0.189873417721519,0.006307821698906646
0.032087936997413635,0.3267451640033642,0.19198312236286919,0.006307821698906646
0.03272141516208649,0.3267451640033642,0.1940928270042194,0.006307821698906646
0.033479243516922,0.3277964676198486,0.1940928270042194,0.0073591253153910685
0.03371162712574005,0.3277964676198486,0.1962025316455696,0.0073591253153910685
0.034121591597795486,0.3277964676198486,0.19831223628691982,0.0073591253153910685
0.03459267318248749,0.3277964676198486,0.20042194092827004,0.0073591253153910685
0.034814320504665375,0.3277964676198486,0.20253164556962025,0.0073591253153910685
0.03568650782108307,0.3277964676198486,0.20464135021097046,0.0073591253153910685
0.03654756024479866,0.3277964676198486,0.20675105485232068,0.0073591253153910685
0.03698301315307617,0.3277964676198486,0.2088607594936709,0.0073591253153910685
0.038033388555049896,0.3277964676198486,0.2109704641350211,0.0073591253153910685
0.038945361971855164,0.3277964676198486,0.2109704641350211,0.0073591253153910685
0.039362918585538864,0.3277964676198486,0.21308016877637131,0.0073591253153910685
0.039615873247385025,0.3277964676198486,0.21518987341772153,0.0073591253153910685
0.03982234001159668,0.3277964676198486,0.21729957805907174,0.0073591253153910685
0.04009262099862099,0.32874264087468463,0.21729957805907174,0.008305298570227104
0.04064888134598732,0.32874264087468463,0.21940928270042195,0.008305298570227104
0.04133572801947594,0.32874264087468463,0.22151898734177214,0.008305298570227104
0.04269148036837578,0.32874264087468463,0.22362869198312235,0.008305298570227104
0.04393187537789345,0.32874264087468463,0.22573839662447256,0.008305298570227104
0.04406794160604477,0.32926829268292684,0.22573839662447256,0.008830950378469316
0.04442140460014343,0.32926829268292684,0.22784810126582278,0.008830950378469316
0.04570040479302406,0.33000420521446594,0.22784810126582278,0.009566862910008411
0.04784166067838669,0.33000420521446594,0.229957805907173,0.009566862910008411
0.04955089092254639,0.33000420521446594,0.2320675105485232,0.009566862910008411
0.0503707155585289,0.33000420521446594,0.23417721518987342,0.009566862910008411
0.05118265375494957,0.33000420521446594,0.23628691983122363,0.009566862910008411
0.05177738144993782,0.33031959629941127,0.23628691983122363,0.009882253994953738
0.05243675783276558,0.33031959629941127,0.23839662447257384,0.009882253994953738
0.05347437411546707,0.33031959629941127,0.24050632911392406,0.009882253994953738
0.05476449429988861,0.33031959629941127,0.24261603375527427,0.009882253994953738
0.05573570355772972,0.33031959629941127,0.24472573839662448,0.009882253994953738
0.055944863706827164,0.33031959629941127,0.2468354430379747,0.009882253994953738
0.056853197515010834,0.3301093355761144,0.2468354430379747,0.009671993271656854
0.05777817219495773,0.3301093355761144,0.2489451476793249,0.009671993271656854
0.05794386565685272,0.3301093355761144,0.2510548523206751,0.009671993271656854
0.05809490382671356,0.3301093355761144,0.25316455696202533,0.009671993271656854
0.05823656916618347,0.3301093355761144,0.2552742616033755,0.009671993271656854
0.058456599712371826,0.3301093355761144,0.25738396624472576,0.009671993271656854
0.05930817127227783,0.3301093355761144,0.25949367088607594,0.009671993271656854
0.060294751077890396,0.3301093355761144,0.2616033755274262,0.009671993271656854
0.06062658131122589,0.3301093355761144,0.26371308016877637,0.009671993271656854
0.061003178358078,0.3296888141295206,0.26371308016877637,0.009251471825063085
0.06166316196322441,0.3296888141295206,0.26582278481012656,0.009251471825063085
0.06304910778999329,0.33031959629941127,0.26582278481012656,0.009882253994953738
0.06426455825567245,0.33031959629941127,0.2679324894514768,0.009882253994953738
0.06553216278553009,0.33031959629941127,0.270042194092827,0.009882253994953738
0.06711819022893906,0.33031959629941127,0.2721518987341772,0.009882253994953738
0.06773562729358673,0.33052985702270815,0.2721518987341772,0.010092514718250623
0.06797447800636292,0.33052985702270815,0.2742616033755274,0.010092514718250623
0.06810519099235535,0.3313708999158957,0.2742616033755274,0.01093355761143816
0.06821309030056,0.3313708999158957,0.27637130801687765,0.01093355761143816
0.06839124113321304,0.3313708999158957,0.27848101265822783,0.01093355761143816
0.06859889626502991,0.3313708999158957,0.2805907172995781,0.01093355761143816
0.06887941062450409,0.3313708999158957,0.28270042194092826,0.01093355761143816
0.06911276280879974,0.3313708999158957,0.2848101265822785,0.01093355761143816
0.06958878040313721,0.3313708999158957,0.2869198312236287,0.01093355761143816
0.07013405859470367,0.3313708999158957,0.2890295358649789,0.01093355761143816
0.0703350231051445,0.3313708999158957,0.2911392405063291,0.01093355761143816
0.07113195955753326,0.3313708999158957,0.29324894514767935,0.01093355761143816
0.07190907746553421,0.3313708999158957,0.29535864978902954,0.01093355761143816
0.07252536714076996,0.3313708999158957,0.2974683544303797,0.01093355761143816
0.07333772629499435,0.3313708999158957,0.29957805907172996,0.01093355761143816
0.07381335645914078,0.3313708999158957,0.30168776371308015,0.01093355761143816
0.07433342933654785,0.3313708999158957,0.3037974683544304,0.01093355761143816
0.0746384859085083,0.3313708999158957,0.3059071729957806,0.01093355761143816
0.0746544599533081,0.3311606391925988,0.3059071729957806,0.010723296888141276
0.07494008541107178,0.3323170731707317,0.3059071729957806,0.011879730866274196
0.0752541571855545,0.3323170731707317,0.3059071729957806,0.011879730866274196
0.07543498277664185,0.3323170731707317,0.3080168776371308,0.011879730866274196
0.07561385631561279,0.3323170731707317,0.310126582278481,0.011879730866274196
0.07598310708999634,0.3322119428090833,0.310126582278481,0.011774600504625754
0.07704789191484451,0.3322119428090833,0.31223628691983124,0.011774600504625754
0.07821024954319,0.3322119428090833,0.3143459915611814,0.011774600504625754
0.07895061373710632,0.3322119428090833,0.31645569620253167,0.011774600504625754
0.07946515083312988,0.331686291000841,0.31645569620253167,0.011248948696383487
0.07988203316926956,0.331686291000841,0.31856540084388185,0.011248948696383487
0.0802278220653534,0.331686291000841,0.3206751054852321,0.011248948696383487
0.08083111047744751,0.331686291000841,0.3227848101265823,0.011248948696383487
0.0820171982049942,0.3323170731707317,0.3227848101265823,0.011879730866274196
0.0828428864479065,0.3325273338940286,0.3227848101265823,0.01208999158957108
0.08309653401374817,0.3325273338940286,0.32489451476793246,0.01208999158957108
0.08378637582063675,0.33189655172413796,0.32489451476793246,0.011459209419680427
0.08454015851020813,0.33189655172413796,0.32489451476793246,0.011459209419680427
0.08507119119167328,0.33189655172413796,0.3270042194092827,0.011459209419680427
0.08541995286941528,0.33189655172413796,0.3291139240506329,0.011459209419680427
0.08617421984672546,0.33189655172413796,0.33122362869198313,0.011459209419680427
0.08692885935306549,0.33189655172413796,0.3333333333333333,0.011459209419680427
0.08830053359270096,0.33189655172413796,0.33544303797468356,0.011459209419680427
0.08973679691553116,0.33189655172413796,0.33755274261603374,0.011459209419680427
0.08998699486255646,0.33189655172413796,0.339662447257384,0.011459209419680427
0.09057100117206573,0.33189655172413796,0.34177215189873417,0.011459209419680427
0.09101942181587219,0.33189655172413796,0.3438818565400844,0.011459209419680427
0.09127623587846756,0.3322119428090833,0.3438818565400844,0.011774600504625754
0.09161137044429779,0.3320016820857864,0.3438818565400844,0.01156433978132887
0.09193141758441925,0.3320016820857864,0.3459915611814346,0.01156433978132887
0.09234832972288132,0.3320016820857864,0.34810126582278483,0.01156433978132887
0.09259182959794998,0.3323170731707317,0.34810126582278483,0.011879730866274196
0.09297703206539154,0.3323170731707317,0.350210970464135,0.011879730866274196
0.09358799457550049,0.3322119428090833,0.350210970464135,0.011774600504625754
0.09387761354446411,0.33210681244743484,0.350210970464135,0.011669470142977312
0.09392236173152924,0.33263246425567705,0.350210970464135,0.012195121951219523
0.09405812621116638,0.33357863751051303,0.350210970464135,0.013141295206055503
0.09425508230924606,0.33357863751051303,0.35232067510548526,0.013141295206055503
0.0943668931722641,0.33357863751051303,0.35232067510548526,0.013141295206055503
0.09515862911939621,0.33357863751051303,0.35443037974683544,0.013141295206055503
0.09613179415464401,0.33462994112699745,0.35443037974683544,0.014192598822539926
0.09660878032445908,0.33462994112699745,0.35654008438818563,0.014192598822539926
0.09693066775798798,0.3350504625735913,0.35654008438818563,0.01461312026913375
0.09718048572540283,0.3351555929352397,0.35654008438818563,0.014718250630782193
0.09771440923213959,0.3351555929352397,0.35864978902953587,0.014718250630782193
0.09901005029678345,0.33484020185029434,0.35864978902953587,0.01440285954583681
0.09997321665287018,0.33484020185029434,0.36075949367088606,0.01440285954583681
0.10023230314254761,0.33484020185029434,0.3628691983122363,0.01440285954583681
0.10081332921981812,0.33484020185029434,0.3649789029535865,0.01440285954583681
0.10122169554233551,0.33484020185029434,0.3670886075949367,0.01440285954583681
0.10146555304527283,0.33484020185029434,0.3691983122362869,0.01440285954583681
0.10175245255231857,0.33484020185029434,0.37130801687763715,0.01440285954583681
0.1024584025144577,0.33484020185029434,0.37341772151898733,0.01440285954583681
0.10335853695869446,0.3357863751051304,0.37341772151898733,0.015349032800672846
0.10368067026138306,0.3357863751051304,0.3755274261603376,0.015349032800672846
0.1037600040435791,0.3357863751051304,0.37763713080168776,0.015349032800672846
0.10386970639228821,0.33620689655172414,0.37763713080168776,0.015769554247266615
0.10412275791168213,0.33620689655172414,0.379746835443038,0.015769554247266615
0.1043965071439743,0.33620689655172414,0.3818565400843882,0.015769554247266615
0.10461343824863434,0.33620689655172414,0.3818565400843882,0.015769554247266615
0.10522645711898804,0.33620689655172414,0.38396624472573837,0.015769554247266615
0.10611556470394135,0.3358915054667788,0.38396624472573837,0.015454163162321288
0.10664059221744537,0.33568124474348193,0.38396624472573837,0.015243902439024404
0.10698775947093964,0.33568124474348193,0.3860759493670886,0.015243902439024404
0.10734173655509949,0.33568124474348193,0.3881856540084388,0.015243902439024404
0.10780368745326996,0.33673254835996635,0.3881856540084388,0.016295206055508826
0.10840974003076553,0.33673254835996635,0.39029535864978904,0.016295206055508826
0.10891895741224289,0.337363330529857,0.39029535864978904,0.01692598822539948
0.109354667365551,0.337363330529857,0.3924050632911392,0.01692598822539948
0.10973672568798065,0.33725820016820857,0.3924050632911392,0.016820857863751038
0.11015082895755768,0.33725820016820857,0.39451476793248946,0.016820857863751038
0.11089882254600525,0.33725820016820857,0.39451476793248946,0.016820857863751038
0.11158484220504761,0.33725820016820857,0.39662447257383965,0.016820857863751038
0.11265183985233307,0.33725820016820857,0.3987341772151899,0.016820857863751038
0.11367810517549515,0.33725820016820857,0.4008438818565401,0.016820857863751038
0.11393168568611145,0.33725820016820857,0.4029535864978903,0.016820857863751038
0.11472654342651367,0.33725820016820857,0.4050632911392405,0.016820857863751038
0.11576347798109055,0.33725820016820857,0.40717299578059074,0.016820857863751038
0.1161750853061676,0.3377838519764508,0.40717299578059074,0.01734650967199325
0.11667328327894211,0.3377838519764508,0.4092827004219409,0.01734650967199325
0.11718500405550003,0.3375735912531539,0.4092827004219409,0.017136248948696364
0.1175776869058609,0.33746846089150545,0.4092827004219409,0.017031118587047922
0.11837922036647797,0.3371530698065601,0.4092827004219409,0.016715727502102595
0.11885078996419907,0.3371530698065601,0.41139240506329117,0.016715727502102595
0.11894023418426514,0.3371530698065601,0.41350210970464135,0.016715727502102595
0.11901617795228958,0.3371530698065601,0.41561181434599154,0.016715727502102595
0.11913497000932693,0.3371530698065601,0.41561181434599154,0.016715727502102595
0.11925707757472992,0.3371530698065601,0.4177215189873418,0.016715727502102595
0.11962905526161194,0.3371530698065601,0.41983122362869196,0.016715727502102595
0.11997458338737488,0.3371530698065601,0.4219409282700422,0.016715727502102595
0.12024964392185211,0.33746846089150545,0.4219409282700422,0.017031118587047922
0.1206749677658081,0.33746846089150545,0.4240506329113924,0.017031118587047922
0.12102796137332916,0.33746846089150545,0.42616033755274263,0.017031118587047922
0.12140500545501709,0.33746846089150545,0.4282700421940928,0.017031118587047922
0.12175745517015457,0.33673254835996635,0.4282700421940928,0.016295206055508826
0.12225642800331116,0.33673254835996635,0.43037974683544306,0.016295206055508826
0.122666135430336,0.3368376787216148,0.43037974683544306,0.01640033641715727
0.12278096377849579,0.33746846089150545,0.43037974683544306,0.017031118587047922
0.12298557907342911,0.33746846089150545,0.43248945147679324,0.017031118587047922
0.1232825294137001,0.33746846089150545,0.4345991561181435,0.017031118587047922
0.123451828956604,0.33746846089150545,0.43670886075949367,0.017031118587047922
0.1246107816696167,0.33746846089150545,0.4388185654008439,0.017031118587047922
0.12612415850162506,0.33746846089150545,0.4409282700421941,0.017031118587047922
0.12669530510902405,0.337363330529857,0.4409282700421941,0.01692598822539948
0.12736621499061584,0.33799411269974766,0.4409282700421941,0.017556770395290133
0.12806758284568787,0.33799411269974766,0.4430379746835443,0.017556770395290133
0.12840193510055542,0.33799411269974766,0.4451476793248945,0.017556770395290133
0.12859897315502167,0.33799411269974766,0.4472573839662447,0.017556770395290133
0.1288803368806839,0.33767872161480234,0.4472573839662447,0.017241379310344807
0.12911023199558258,0.33767872161480234,0.44936708860759494,0.017241379310344807
0.12931421399116516,0.33767872161480234,0.45147679324894513,0.017241379310344807
0.12951014935970306,0.33767872161480234,0.45358649789029537,0.017241379310344807
0.12955208122730255,0.33767872161480234,0.45569620253164556,0.017241379310344807
0.13035854697227478,0.33767872161480234,0.4578059071729958,0.017241379310344807
0.13123410940170288,0.33767872161480234,0.459915611814346,0.017241379310344807
0.13149209320545197,0.33767872161480234,0.4620253164556962,0.017241379310344807
0.13183818757534027,0.33767872161480234,0.4641350210970464,0.017241379310344807
0.13203658163547516,0.3391505466778806,0.4641350210970464,0.018713204373423054
0.13209094107151031,0.3391505466778806,0.46624472573839665,0.018713204373423054
0.13214682042598724,0.3391505466778806,0.46835443037974683,0.018713204373423054
0.13218331336975098,0.3391505466778806,0.4704641350210971,0.018713204373423054
0.13274860382080078,0.33978132884777124,0.4704641350210971,0.019343986543313707
0.1340898871421814,0.3394659377628259,0.4704641350210971,0.01902859545836838
0.1354493349790573,0.3394659377628259,0.47257383966244726,0.01902859545836838
0.1360144317150116,0.33978132884777124,0.47257383966244726,0.019343986543313707
0.1362818330526352,0.33978132884777124,0.47468354430379744,0.019343986543313707
0.13654129207134247,0.33978132884777124,0.4767932489451477,0.019343986543313707
0.13660362362861633,0.33978132884777124,0.47890295358649787,0.019343986543313707
0.136715829372406,0.3404121110176619,0.47890295358649787,0.01997476871320436
0.13723531365394592,0.34083263246425566,0.47890295358649787,0.02039529015979813
0.1379930078983307,0.34083263246425566,0.47890295358649787,0.02039529015979813
0.138627290725708,0.34083263246425566,0.4810126582278481,0.02039529015979813
0.13898836076259613,0.34083263246425566,0.4831223628691983,0.02039529015979813
0.13934819400310516,0.34083263246425566,0.48523206751054854,0.02039529015979813
0.1398461014032364,0.34083263246425566,0.4873417721518987,0.02039529015979813
0.14003869891166687,0.34083263246425566,0.48945147679324896,0.02039529015979813
0.14019864797592163,0.34083263246425566,0.49156118143459915,0.02039529015979813
0.14034080505371094,0.34083263246425566,0.4936708860759494,0.02039529015979813
0.14070945978164673,0.34083263246425566,0.4957805907172996,0.02039529015979813
0.1415911614894867,0.34083263246425566,0.4978902953586498,0.02039529015979813
0.14219185709953308,0.34083263246425566,0.5,0.02039529015979813
0.14236876368522644,0.34083263246425566,0.5021097046413502,0.02039529015979813
0.14261412620544434,0.34104289318755254,0.5021097046413502,0.020605550883095014
0.1431310474872589,0.34104289318755254,0.5042194092827004,0.020605550883095014
0.1439722776412964,0.34104289318755254,0.5063291139240507,0.020605550883095014
0.1447380781173706,0.34104289318755254,0.5084388185654009,0.020605550883095014
0.14516299962997437,0.341148023549201,0.5084388185654009,0.020710681244743456
0.14531740546226501,0.341148023549201,0.510548523206751,0.020710681244743456
0.14620819687843323,0.341148023549201,0.5126582278481012,0.020710681244743456
0.14723128080368042,0.341148023549201,0.5147679324894515,0.020710681244743456
0.14756861329078674,0.341148023549201,0.5168776371308017,0.020710681244743456
0.14806309342384338,0.341148023549201,0.5189873417721519,0.020710681244743456
0.14838989078998566,0.341148023549201,0.5210970464135021,0.020710681244743456
0.14856749773025513,0.341148023549201,0.5232067510548524,0.020710681244743456
0.14892558753490448,0.341148023549201,0.5253164556962026,0.020710681244743456
0.14916792511940002,0.341148023549201,0.5253164556962026,0.020710681244743456
0.14980024099349976,0.341148023549201,0.5274261603375527,0.020710681244743456
0.15059760212898254,0.341148023549201,0.5274261603375527,0.020710681244743456
0.150858536362648,0.341148023549201,0.5295358649789029,0.020710681244743456
0.1514161229133606,0.341148023549201,0.5316455696202531,0.020710681244743456
0.15222734212875366,0.341148023549201,0.5337552742616034,0.020710681244743456
0.153089702129364,0.34104289318755254,0.5337552742616034,0.020605550883095014
0.1538517326116562,0.34104289318755254,0.5358649789029536,0.020605550883095014
0.15432646870613098,0.3417788057190917,0.5358649789029536,0.021341463414634165
0.15468698740005493,0.3417788057190917,0.5379746835443038,0.021341463414634165
0.15534457564353943,0.3417788057190917,0.540084388185654,0.021341463414634165
0.15608975291252136,0.3417788057190917,0.5421940928270043,0.021341463414634165
0.15646877884864807,0.34219932716568546,0.5421940928270043,0.021761984861227934
0.1567603498697281,0.34219932716568546,0.5443037974683544,0.021761984861227934
0.15688113868236542,0.34219932716568546,0.5464135021097046,0.021761984861227934
0.15696462988853455,0.34219932716568546,0.5485232067510548,0.021761984861227934
0.1574254333972931,0.34219932716568546,0.5506329113924051,0.021761984861227934
0.1578821837902069,0.34219932716568546,0.5527426160337553,0.021761984861227934
0.15802083909511566,0.3428301093355761,0.5527426160337553,0.022392767031118588
0.15819469094276428,0.3428301093355761,0.5548523206751055,0.022392767031118588
0.15857794880867004,0.3428301093355761,0.5548523206751055,0.022392767031118588
0.1599847376346588,0.34367115222876365,0.5548523206751055,0.023233809924306126
0.1613057404756546,0.34367115222876365,0.5569620253164557,0.023233809924306126
0.16189426183700562,0.34367115222876365,0.5590717299578059,0.023233809924306126
0.16233758628368378,0.34419680403700587,0.5590717299578059,0.023759461732548337
0.16262204945087433,0.34524810765349034,0.5590717299578059,0.024810765349032815
0.1629888117313385,0.34524810765349034,0.5611814345991561,0.024810765349032815
0.16322678327560425,0.34524810765349034,0.5632911392405063,0.024810765349032815
0.16343529522418976,0.34524810765349034,0.5654008438818565,0.024810765349032815
0.16363435983657837,0.34577375946173255,0.5654008438818565,0.025336417157275026
0.1637907475233078,0.34577375946173255,0.5675105485232067,0.025336417157275026
0.16390180587768555,0.34577375946173255,0.569620253164557,0.025336417157275026
0.16413238644599915,0.34577375946173255,0.5717299578059072,0.025336417157275026
0.1644391119480133,0.34577375946173255,0.5738396624472574,0.025336417157275026
0.16453954577445984,0.3453532380151388,0.5738396624472574,0.024915895710681257
0.16455668210983276,0.3453532380151388,0.5759493670886076,0.024915895710681257
0.16457036137580872,0.3453532380151388,0.5759493670886076,0.024915895710681257
0.16460058093070984,0.3453532380151388,0.5780590717299579,0.024915895710681257
0.16480761766433716,0.3453532380151388,0.580168776371308,0.024915895710681257
0.16500115394592285,0.3453532380151388,0.5822784810126582,0.024915895710681257
0.1652391254901886,0.3453532380151388,0.5843881856540084,0.024915895710681257
0.16614395380020142,0.34577375946173255,0.5843881856540084,0.025336417157275026
0.16689570248126984,0.34577375946173255,0.5864978902953587,0.025336417157275026
0.16712121665477753,0.34577375946173255,0.5886075949367089,0.025336417157275026
0.1676035225391388,0.34577375946173255,0.5907172995780591,0.025336417157275026
0.16843530535697937,0.34577375946173255,0.5907172995780591,0.025336417157275026
0.16906896233558655,0.34577375946173255,0.5928270042194093,0.025336417157275026
0.16925309598445892,0.34577375946173255,0.5949367088607594,0.025336417157275026
0.16937491297721863,0.3461942809083263,0.5949367088607594,0.025756938603868795
0.16946008801460266,0.34671993271656854,0.5949367088607594,0.026282590412111007
0.16956287622451782,0.34671993271656854,0.5970464135021097,0.026282590412111007
0.1698714643716812,0.34671993271656854,0.5991561181434599,0.026282590412111007
0.17080843448638916,0.34703532380151386,0.5991561181434599,0.026597981497056333
0.17164519429206848,0.34703532380151386,0.6012658227848101,0.026597981497056333
0.17186753451824188,0.34787636669470146,0.6012658227848101,0.027439024390243927
0.1721826195716858,0.34882253994953744,0.6012658227848101,0.028385197645079907
0.17246165871620178,0.34882253994953744,0.6033755274261603,0.028385197645079907
0.1727195680141449,0.34882253994953744,0.6054852320675106,0.028385197645079907
0.17304375767707825,0.34882253994953744,0.6075949367088608,0.028385197645079907
0.1733875572681427,0.3485071488645921,0.6075949367088608,0.02806980656013458
0.17430229485034943,0.3485071488645921,0.609704641350211,0.02806980656013458
0.1750544309616089,0.3485071488645921,0.6118143459915611,0.02806980656013458
0.1752229630947113,0.3485071488645921,0.6139240506329114,0.02806980656013458
0.17562365531921387,0.3485071488645921,0.6139240506329114,0.02806980656013458
0.17655958235263824,0.34882253994953744,0.6139240506329114,0.028385197645079907
0.17734436690807343,0.34882253994953744,0.6160337552742616,0.028385197645079907
0.17754842340946198,0.34882253994953744,0.6181434599156118,0.028385197645079907
0.1776854246854782,0.34882253994953744,0.620253164556962,0.028385197645079907
0.17777757346630096,0.3489276703111859,0.620253164556962,0.02849032800672835
0.17790359258651733,0.3489276703111859,0.6223628691983122,0.02849032800672835
0.17810510098934174,0.34934819175777965,0.6223628691983122,0.02891084945332212
0.17870298027992249,0.3497687132043734,0.6223628691983122,0.029331370899915887
0.17941948771476746,0.35039949537426407,0.6223628691983122,0.02996215306980654
0.1800718903541565,0.35039949537426407,0.6244725738396625,0.02996215306980654
0.18053926527500153,0.3501892346509672,0.6244725738396625,0.029751892346509656
0.18059326708316803,0.35008410428931874,0.6244725738396625,0.029646761984861214
0.18071109056472778,0.35008410428931874,0.6265822784810127,0.029646761984861214
0.18085160851478577,0.35008410428931874,0.6286919831223629,0.029646761984861214
0.18090707063674927,0.3510302775441548,0.6286919831223629,0.03059293523969725
0.18106932938098907,0.3510302775441548,0.630801687763713,0.03059293523969725
0.18130984902381897,0.3510302775441548,0.6329113924050633,0.03059293523969725
0.18143528699874878,0.35145079899074855,0.6329113924050633,0.03101345668629102
0.1816975474357605,0.35197645079899076,0.6329113924050633,0.03153910849453323
0.18217551708221436,0.35197645079899076,0.6329113924050633,0.03153910849453323
0.1827443689107895,0.35271236333052985,0.6329113924050633,0.032275021026072326
0.18320414423942566,0.35271236333052985,0.6350210970464135,0.032275021026072326
0.18416064977645874,0.35271236333052985,0.6371308016877637,0.032275021026072326
0.18515026569366455,0.35344827586206895,0.6371308016877637,0.03301093355761142
0.1854686141014099,0.35344827586206895,0.6371308016877637,0.03301093355761142
0.18562908470630646,0.35344827586206895,0.6392405063291139,0.03301093355761142
0.1858985871076584,0.354394449116905,0.6392405063291139,0.03395710681244746
0.18707117438316345,0.35460470984020187,0.6392405063291139,0.03416736753574434
0.18819738924503326,0.3552354920100925,0.6392405063291139,0.034798149705634995
0.18849459290504456,0.3552354920100925,0.6413502109704642,0.034798149705634995
0.1886577159166336,0.3549201009251472,0.6413502109704642,0.03448275862068967
0.18892206251621246,0.3549201009251472,0.6434599156118144,0.03448275862068967
0.18951421976089478,0.3547098402018503,0.6434599156118144,0.034272497897392784
0.19002290070056915,0.3556560134566863,0.6434599156118144,0.035218671152228764
0.19034582376480103,0.35628679562657695,0.6434599156118144,0.03584945332211942
0.19085460901260376,0.35628679562657695,0.6455696202531646,0.03584945332211942
0.19138415157794952,0.35628679562657695,0.6455696202531646,0.03584945332211942
0.19168724119663239,0.35628679562657695,0.6476793248945147,0.03584945332211942
0.1919531524181366,0.35628679562657695,0.6497890295358649,0.03584945332211942
0.19230979681015015,0.35628679562657695,0.6497890295358649,0.03584945332211942
0.19283655285835266,0.35628679562657695,0.6518987341772152,0.03584945332211942
0.19324123859405518,0.35576114381833474,0.6518987341772152,0.03532380151387721
0.19355474412441254,0.35576114381833474,0.6540084388185654,0.03532380151387721
0.19400554895401,0.35576114381833474,0.6561181434599156,0.03532380151387721
0.19444207847118378,0.35576114381833474,0.6582278481012658,0.03532380151387721
0.19482392072677612,0.35576114381833474,0.6582278481012658,0.03532380151387721
0.1949792355298996,0.35576114381833474,0.6603375527426161,0.03532380151387721
0.19523891806602478,0.35576114381833474,0.6624472573839663,0.03532380151387721
0.19591271877288818,0.35576114381833474,0.6645569620253164,0.03532380151387721
0.19637876749038696,0.3566021867115223,0.6645569620253164,0.036164844407064745
0.19670706987380981,0.3566021867115223,0.6666666666666666,0.036164844407064745
0.19724097847938538,0.3567073170731707,0.6666666666666666,0.03626997476871319
0.19753217697143555,0.3563919259882254,0.6666666666666666,0.03595458368376786
0.19771640002727509,0.3563919259882254,0.6687763713080169,0.03595458368376786
0.19786417484283447,0.3563919259882254,0.6708860759493671,0.03595458368376786
0.19798913598060608,0.3563919259882254,0.6729957805907173,0.03595458368376786
0.19877377152442932,0.3563919259882254,0.6751054852320675,0.03595458368376786
0.19948972761631012,0.3571278385197645,0.6751054852320675,0.036690496215306956
0.19953477382659912,0.3571278385197645,0.6751054852320675,0.036690496215306956
0.1996370106935501,0.3571278385197645,0.6772151898734177,0.036690496215306956
0.20004841685295105,0.3580740117746005,0.6772151898734177,0.03763666947014299
0.20067498087882996,0.35838940285954585,0.6772151898734177,0.03795206055508832
0.20131121575832367,0.35838940285954585,0.6772151898734177,0.03795206055508832
0.20201128721237183,0.3587047939444912,0.6772151898734177,0.038267451640033645
0.20244692265987396,0.3587047939444912,0.679324894514768,0.038267451640033645
0.20279696583747864,0.35891505466778806,0.679324894514768,0.03847771236333053
0.20313182473182678,0.35891505466778806,0.6814345991561181,0.03847771236333053
0.2032243311405182,0.3600714886459209,0.6814345991561181,0.039634146341463394
0.20349040627479553,0.3600714886459209,0.6835443037974683,0.039634146341463394
0.20377567410469055,0.3604920100925147,0.6835443037974683,0.04005466778805716
0.20384398102760315,0.3604920100925147,0.6856540084388185,0.04005466778805716
0.2039908766746521,0.3604920100925147,0.6877637130801688,0.04005466778805716
0.20416463911533356,0.3611227922624054,0.6877637130801688,0.04068544995794787
0.20434382557868958,0.3616484440706476,0.6877637130801688,0.041211101766190084
0.20453646779060364,0.36175357443229605,0.6877637130801688,0.041316232127838526
0.20498228073120117,0.36248948696383515,0.6877637130801688,0.04205214465937762
0.2055319845676422,0.36248948696383515,0.689873417721519,0.04205214465937762
0.2062651515007019,0.36343566021867113,0.689873417721519,0.0429983179142136
0.20706868171691895,0.36385618166526495,0.689873417721519,0.043418839360807426
0.20743530988693237,0.36385618166526495,0.6919831223628692,0.043418839360807426
0.20770561695098877,0.3635407905803196,0.6919831223628692,0.043103448275862044
0.20809441804885864,0.3641715727502103,0.6919831223628692,0.04373423044575275
0.2085307240486145,0.3641715727502103,0.6919831223628692,0.04373423044575275
0.20910370349884033,0.3652228763666947,0.6919831223628692,0.044785534062237176
0.20967425405979156,0.3652228763666947,0.6940928270042194,0.044785534062237176
0.20990654826164246,0.36532800672834315,0.6940928270042194,0.04489066442388562
0.21017497777938843,0.36532800672834315,0.6962025316455697,0.04489066442388562
0.2105068415403366,0.3652228763666947,0.6962025316455697,0.044785534062237176
0.21070073544979095,0.3661690496215307,0.6962025316455697,0.045731707317073156
0.21087440848350525,0.3666947014297729,0.6962025316455697,0.04625735912531537
0.21132071316242218,0.3661690496215307,0.6962025316455697,0.045731707317073156
0.21178258955478668,0.3661690496215307,0.6983122362869199,0.045731707317073156
0.2124139815568924,0.3669049621530698,0.6983122362869199,0.04646761984861225
0.21340692043304443,0.36764087468460893,0.6983122362869199,0.0472035323801514
0.21393053233623505,0.36764087468460893,0.70042194092827,0.0472035323801514
0.21422475576400757,0.36764087468460893,0.7025316455696202,0.0472035323801514
0.2147812843322754,0.36764087468460893,0.7046413502109705,0.0472035323801514
0.21511425077915192,0.36764087468460893,0.7067510548523207,0.0472035323801514
0.21533498167991638,0.36764087468460893,0.7067510548523207,0.0472035323801514
0.21568793058395386,0.36869217830109335,0.7067510548523207,0.048254835996635825
0.21586376428604126,0.36869217830109335,0.7088607594936709,0.048254835996635825
0.2161804437637329,0.36869217830109335,0.7088607594936709,0.048254835996635825
0.2164957970380783,0.36869217830109335,0.7109704641350211,0.048254835996635825
0.21683984994888306,0.36869217830109335,0.7130801687763713,0.048254835996635825
0.21730932593345642,0.36942809083263245,0.7130801687763713,0.04899074852817492
0.21753931045532227,0.36942809083263245,0.7151898734177216,0.04899074852817492
0.2177431285381317,0.36942809083263245,0.7172995780590717,0.04899074852817492
0.21884621679782867,0.36942809083263245,0.7194092827004219,0.04899074852817492
0.22004982829093933,0.3703742640874685,0.7194092827004219,0.04993692178301096
0.22068043053150177,0.3703742640874685,0.7215189873417721,0.04993692178301096
0.22116704285144806,0.37100504625735914,0.7215189873417721,0.05056770395290161
0.22157567739486694,0.37100504625735914,0.7236286919831224,0.05056770395290161
0.22218212485313416,0.37100504625735914,0.7236286919831224,0.05056770395290161
0.2224593311548233,0.37100504625735914,0.7257383966244726,0.05056770395290161
0.22247245907783508,0.37100504625735914,0.7278481012658228,0.05056770395290161
0.22278046607971191,0.37132043734230447,0.7278481012658228,0.05088309503784694
0.22345302999019623,0.37132043734230447,0.729957805907173,0.05088309503784694
0.2239939570426941,0.3719512195121951,0.729957805907173,0.05151387720773759
0.22419074177742004,0.3719512195121951,0.7320675105485233,0.05151387720773759
0.2243051826953888,0.3719512195121951,0.7341772151898734,0.05151387720773759
0.22489555180072784,0.3719512195121951,0.7362869198312236,0.05151387720773759
0.22542697191238403,0.3719512195121951,0.7383966244725738,0.05151387720773759
0.22554144263267517,0.3719512195121951,0.740506329113924,0.05151387720773759
0.225660502910614,0.3719512195121951,0.7426160337552743,0.05151387720773759
0.22569754719734192,0.3719512195121951,0.7447257383966245,0.05151387720773759
0.22575972974300385,0.3718460891505467,0.7447257383966245,0.05140874684608915
0.22592374682426453,0.3718460891505467,0.7468354430379747,0.05140874684608915
0.22606541216373444,0.3718460891505467,0.7489451476793249,0.05140874684608915
0.22621747851371765,0.37226661059714045,0.7489451476793249,0.05182926829268292
0.22636866569519043,0.37226661059714045,0.7510548523206751,0.05182926829268292
0.2264769822359085,0.3714255677039529,0.7510548523206751,0.05098822539949538
0.2267339527606964,0.37100504625735914,0.7510548523206751,0.05056770395290161
0.22699007391929626,0.3716358284272498,0.7510548523206751,0.051198486122792264
0.22709764540195465,0.3725820016820858,0.7510548523206751,0.052144659377628244
0.2273349165916443,0.3732127838519764,0.7510548523206751,0.0527754415475189
0.22755002975463867,0.37363330529857025,0.7510548523206751,0.05319596299411272
0.22768309712409973,0.374053826745164,0.7510548523206751,0.05361648444070649
0.22795411944389343,0.3746846089150547,0.7510548523206751,0.054247266610597145
0.22823965549468994,0.3746846089150547,0.7531645569620253,0.054247266610597145
0.2284933626651764,0.3746846089150547,0.7552742616033755,0.054247266610597145
0.2290043830871582,0.3746846089150547,0.7573839662447257,0.054247266610597145
0.22942504286766052,0.37457947855340623,0.7573839662447257,0.0541421362489487
0.22956527769565582,0.3753153910849453,0.7573839662447257,0.0548780487804878
0.2297389805316925,0.3753153910849453,0.7573839662447257,0.0548780487804878
0.22985528409481049,0.3753153910849453,0.759493670886076,0.0548780487804878
0.23025000095367432,0.3757359125315391,0.759493670886076,0.05529857022708157
0.23076550662517548,0.37615643397813286,0.759493670886076,0.055719091673675336
0.2310657501220703,0.3764718250630782,0.759493670886076,0.05603448275862066
0.23147794604301453,0.3776282590412111,0.759493670886076,0.05719091673675358
0.23218917846679688,0.3776282590412111,0.7616033755274262,0.05719091673675358
0.23265808820724487,0.3776282590412111,0.7637130801687764,0.05719091673675358
0.2327873706817627,0.3776282590412111,0.7658227848101266,0.05719091673675358
0.23379355669021606,0.3771026072329689,0.7658227848101266,0.05666526492851137
0.2348560094833374,0.37794365012615644,0.7658227848101266,0.05750630782169891
0.23504364490509033,0.37867956265769553,0.7658227848101266,0.058242220353238006
0.23545631766319275,0.3793103448275862,0.7658227848101266,0.05887300252312866
0.23597387969493866,0.37973086627417996,0.7658227848101266,0.05929352396972243
0.2365284562110901,0.3802565180824222,0.7658227848101266,0.059819175777964695
0.23731230199337006,0.3802565180824222,0.7679324894514767,0.059819175777964695
0.23797544836997986,0.3802565180824222,0.770042194092827,0.059819175777964695
0.23864203691482544,0.380677039529016,0.770042194092827,0.060239697224558464
0.23908522725105286,0.380677039529016,0.7721518987341772,0.060239697224558464
0.239558607339859,0.3809924306139613,0.7721518987341772,0.06055508830950379
0.24000389873981476,0.3814129520605551,0.7721518987341772,0.06097560975609756
0.24019348621368408,0.381623212783852,0.7721518987341772,0.061185870479394444
0.24040251970291138,0.381623212783852,0.7742616033755274,0.061185870479394444
0.24055728316307068,0.38183347350714886,0.7742616033755274,0.06139613120269133
0.24068963527679443,0.3826745164003364,0.7742616033755274,0.06223717409587887
0.24077582359313965,0.3828847771236333,0.7742616033755274,0.06244743481917575
0.2408904731273651,0.3828847771236333,0.7763713080168776,0.06244743481917575
0.24153770506381989,0.3833052985702271,0.7763713080168776,0.06286795626576958
0.24279308319091797,0.3837258200168209,0.7763713080168776,0.06328847771236334
0.2436402589082718,0.3843566021867115,0.7763713080168776,0.063919259882254
0.24412333965301514,0.3843566021867115,0.7784810126582279,0.063919259882254
0.24461135268211365,0.3847771236333053,0.7784810126582279,0.06433978132884777
0.24495086073875427,0.3853027754415475,0.7784810126582279,0.06486543313708998
0.24565893411636353,0.3853027754415475,0.7784810126582279,0.06486543313708998
0.24638032913208008,0.38624894869638354,0.7784810126582279,0.06581160639192601
0.2466263473033905,0.38624894869638354,0.7805907172995781,0.06581160639192601
0.24711310863494873,0.38677460050462575,0.7805907172995781,0.06633725820016823
0.24782253801822662,0.38677460050462575,0.7827004219409283,0.06633725820016823
0.2481761872768402,0.38677460050462575,0.7827004219409283,0.06633725820016823
0.24827706813812256,0.38677460050462575,0.7827004219409283,0.06633725820016823
0.2483796775341034,0.38677460050462575,0.7848101265822784,0.06633725820016823
0.24869701266288757,0.3871951219512195,0.7848101265822784,0.066757779646762
0.24917007982730865,0.3871951219512195,0.7848101265822784,0.066757779646762
0.24938666820526123,0.3879310344827586,0.7848101265822784,0.06749369217830109
0.2494962215423584,0.3879310344827586,0.7869198312236287,0.06749369217830109
0.24978046119213104,0.3879310344827586,0.7890295358649789,0.06749369217830109
0.2500355839729309,0.38772077375946173,0.7890295358649789,0.0672834314550042
0.2501186430454254,0.3886669470142977,0.7890295358649789,0.06822960470984019
0.2506881356239319,0.3886669470142977,0.7911392405063291,0.06822960470984019
0.2514614462852478,0.3886669470142977,0.7932489451476793,0.06822960470984019
0.2517892122268677,0.38845668629100083,0.7932489451476793,0.0680193439865433
0.2519991993904114,0.38845668629100083,0.7953586497890295,0.0680193439865433
0.2526286244392395,0.38845668629100083,0.7953586497890295,0.0680193439865433
0.25316867232322693,0.3895079899074853,0.7953586497890295,0.06907064760302778
0.25326621532440186,0.38982338099243063,0.7953586497890295,0.0693860386879731
0.2533662021160126,0.3895079899074853,0.7953586497890295,0.06907064760302778
0.2535248398780823,0.3895079899074853,0.7974683544303798,0.06907064760302778
0.2536901831626892,0.39013877207737596,0.7974683544303798,0.06970142977291843
0.2537783980369568,0.39013877207737596,0.7974683544303798,0.06970142977291843
0.25390952825546265,0.39055929352396973,0.7974683544303798,0.0701219512195122
0.25426018238067627,0.3909798149705635,0.7974683544303798,0.07054247266610597
0.2547381520271301,0.3909798149705635,0.79957805907173,0.07054247266610597
0.2549801468849182,0.3909798149705635,0.8016877637130801,0.07054247266610597
0.25512897968292236,0.3915054667788057,0.8016877637130801,0.07106812447434818
0.2553662657737732,0.3915054667788057,0.8037974683544303,0.07106812447434818
0.2558302879333496,0.39234650967199325,0.8037974683544303,0.07190916736753572
0.2566785216331482,0.39234650967199325,0.8059071729957806,0.07190916736753572
0.25744733214378357,0.3927670311185871,0.8059071729957806,0.07232968881412954
0.25795021653175354,0.3927670311185871,0.8059071729957806,0.07232968881412954
0.2583048641681671,0.3932926829268293,0.8059071729957806,0.07285534062237176
0.2584434151649475,0.3932926829268293,0.8080168776371308,0.07285534062237176
0.25850844383239746,0.3932926829268293,0.8080168776371308,0.07285534062237176
0.25854477286338806,0.3932926829268293,0.810126582278481,0.07285534062237176
0.2588551640510559,0.3932926829268293,0.8122362869198312,0.07285534062237176
0.259832501411438,0.39371320437342305,0.8122362869198312,0.07327586206896552
0.26092609763145447,0.39371320437342305,0.8143459915611815,0.07327586206896552
0.26156318187713623,0.3947645079899075,0.8143459915611815,0.07432716568544995
0.2619273066520691,0.3947645079899075,0.8164556962025317,0.07432716568544995
0.2621951103210449,0.39465937762825903,0.8164556962025317,0.0742220353238015
0.2623199224472046,0.3950798990748528,0.8164556962025317,0.07464255677039527
0.26233482360839844,0.3950798990748528,0.8185654008438819,0.07464255677039527
0.2624521255493164,0.3950798990748528,0.820675105485232,0.07464255677039527
0.2626304030418396,0.39550042052144657,0.820675105485232,0.07506307821698904
0.2627612352371216,0.39550042052144657,0.8227848101265823,0.07506307821698904
0.26297450065612793,0.39550042052144657,0.8248945147679325,0.07506307821698904
0.2635952830314636,0.39602607232968884,0.8248945147679325,0.07558873002523131
0.26418596506118774,0.39676198486122793,0.8248945147679325,0.0763246425567704
0.2646471858024597,0.39707737594617326,0.8248945147679325,0.07664003364171573
0.2652815282344818,0.39781328847771236,0.8248945147679325,0.07737594617325483
0.2657283544540405,0.39781328847771236,0.8270042194092827,0.07737594617325483
0.2659200429916382,0.398444070647603,0.8270042194092827,0.07800672834314548
0.266160786151886,0.3990748528174937,0.8270042194092827,0.07863751051303619
0.266752153635025,0.39917998317914216,0.8270042194092827,0.07874264087468463
0.2672760784626007,0.39917998317914216,0.8291139240506329,0.07874264087468463
0.2674534320831299,0.39917998317914216,0.8312236286919831,0.07874264087468463
0.2676212787628174,0.39960050462573593,0.8312236286919831,0.0791631623212784
0.2678565979003906,0.4000210260723297,0.8312236286919831,0.07958368376787217
0.2681150734424591,0.40086206896551724,0.8312236286919831,0.08042472666105971
0.26848211884498596,0.40086206896551724,0.8333333333333334,0.08042472666105971
0.2687319815158844,0.40086206896551724,0.8354430379746836,0.08042472666105971
0.2688432037830353,0.4010723296888141,0.8354430379746836,0.0806349873843566
0.2690337598323822,0.4010723296888141,0.8375527426160337,0.0806349873843566
0.26925086975097656,0.401282590412111,0.8375527426160337,0.08084524810765348
0.26950228214263916,0.4017031118587048,0.8375527426160337,0.08126576955424725
0.269840806722641,0.4023338940285955,0.8375527426160337,0.08189655172413796
0.27022087574005127,0.4024390243902439,0.8375527426160337,0.0820016820857864
0.27058565616607666,0.4024390243902439,0.8396624472573839,0.0820016820857864
0.2707769274711609,0.40275441547518925,0.8396624472573839,0.08231707317073172
0.27095523476600647,0.4026492851135408,0.8396624472573839,0.08221194280908328
0.271396279335022,0.4035954583683768,0.8396624472573839,0.08315811606391926
0.27170243859291077,0.404121110176619,0.8396624472573839,0.08368376787216147
0.271807998418808,0.4035954583683768,0.8396624472573839,0.08315811606391926
0.2720324993133545,0.40328006728343146,0.8396624472573839,0.08284272497897394
0.27219200134277344,0.4035954583683768,0.8396624472573839,0.08315811606391926
0.2725704312324524,0.4035954583683768,0.8417721518987342,0.08315811606391926
0.27313101291656494,0.40401597981497056,0.8417721518987342,0.08357863751051303
0.2738187313079834,0.4046467619848612,0.8417721518987342,0.08420941968040369
0.2744145393371582,0.4046467619848612,0.8438818565400844,0.08420941968040369
0.27455422282218933,0.405067283431455,0.8438818565400844,0.08462994112699745
0.2747483253479004,0.405067283431455,0.8438818565400844,0.08462994112699745
0.27529338002204895,0.405067283431455,0.8438818565400844,0.08462994112699745
0.2757980227470398,0.4056980656013457,0.8438818565400844,0.08526072329688816
0.2760237455368042,0.4056980656013457,0.8459915611814346,0.08526072329688816
0.27681785821914673,0.4067493692178301,0.8459915611814346,0.08631202691337259
0.2776497006416321,0.40738015138772077,0.8459915611814346,0.08694280908326324
0.2780875861644745,0.40738015138772077,0.8481012658227848,0.08694280908326324
0.27846699953079224,0.40811606391925986,0.8481012658227848,0.08767872161480234
0.2786124050617218,0.4086417157275021,0.8481012658227848,0.08820437342304455
0.2786971926689148,0.408851976450799,0.8481012658227848,0.08841463414634149
0.27885907888412476,0.4086417157275021,0.8481012658227848,0.08820437342304455
0.2792994976043701,0.40969301934398655,0.8481012658227848,0.08925567703952902
0.28013840317726135,0.40990328006728344,0.8481012658227848,0.08946593776282591
0.2808459401130676,0.40990328006728344,0.8481012658227848,0.08946593776282591
0.28118306398391724,0.4108494533221194,0.8481012658227848,0.09041211101766189
0.2814030647277832,0.4110597140454163,0.8481012658227848,0.09062237174095877
0.2814721167087555,0.41200588730025234,0.8481012658227848,0.09156854499579481
0.2816063165664673,0.41274179983179143,0.8481012658227848,0.0923044575273339
0.28214743733406067,0.4131623212783852,0.8481012658227848,0.09272497897392767
0.282859206199646,0.41379310344827586,0.8481012658227848,0.09335576114381833
0.2835109531879425,0.4146341463414634,0.8481012658227848,0.09419680403700587
0.28393107652664185,0.41537005887300255,0.8481012658227848,0.09493271656854502
0.2841777205467224,0.41537005887300255,0.8481012658227848,0.09493271656854502
0.284494549036026,0.4163162321278385,0.8481012658227848,0.095878889823381
0.28480684757232666,0.4163162321278385,0.8502109704641351,0.095878889823381
0.2855318486690521,0.4165264928511354,0.8502109704641351,0.09608915054667788
0.28612634539604187,0.41642136248948697,0.8502109704641351,0.09598402018502944
0.28620216250419617,0.4169470142977292,0.8502109704641351,0.09650967199327165
0.28633296489715576,0.4169470142977292,0.8523206751054853,0.09650967199327165
0.2866656184196472,0.41663162321278385,0.8523206751054853,0.09619428090832632
0.28692132234573364,0.41736753574432295,0.8523206751054853,0.09693019343986542
0.2872856855392456,0.41736753574432295,0.8544303797468354,0.09693019343986542
0.2883138060569763,0.418313708999159,0.8544303797468354,0.09787636669470146
0.2890431880950928,0.418313708999159,0.8544303797468354,0.09787636669470146
0.2892744541168213,0.4191547518923465,0.8544303797468354,0.098717409587889
0.28949928283691406,0.4197855340622372,0.8544303797468354,0.09934819175777965
0.2898414134979248,0.4197855340622372,0.8565400843881856,0.09934819175777965
0.2901630699634552,0.4197855340622372,0.8586497890295358,0.09934819175777965
0.2902767062187195,0.42020605550883094,0.8586497890295358,0.09976871320437342
0.2904507517814636,0.42073170731707316,0.8586497890295358,0.10029436501261563
0.2906244397163391,0.42073170731707316,0.8586497890295358,0.10029436501261563
0.2908649742603302,0.42125735912531537,0.8586497890295358,0.10082001682085784
0.29132938385009766,0.42125735912531537,0.8607594936708861,0.10082001682085784
0.2920786142349243,0.4218881412952061,0.8607594936708861,0.10145079899074855
0.29256731271743774,0.4219932716568545,0.8607594936708861,0.10155592935239699
0.2931995987892151,0.4219932716568545,0.8628691983122363,0.10155592935239699
0.29396873712539673,0.4219932716568545,0.8628691983122363,0.10155592935239699
0.2942383587360382,0.4222035323801514,0.8628691983122363,0.10176619007569387
0.29432347416877747,0.4231497056349874,0.8628691983122363,0.10271236333052985
0.29437974095344543,0.42378048780487804,0.8628691983122363,0.10334314550042051
0.29447856545448303,0.42378048780487804,0.8649789029535865,0.10334314550042051
0.2946968674659729,0.42430613961312025,0.8649789029535865,0.10386879730866272
0.2949680685997009,0.42514718250630784,0.8649789029535865,0.10470984020185031
0.29513177275657654,0.4257779646761985,0.8649789029535865,0.10534062237174097
0.29581016302108765,0.4267241379310345,0.8649789029535865,0.10628679562657695
0.2965094745159149,0.42714465937762824,0.8649789029535865,0.10670731707317072
0.29673442244529724,0.427565180824222,0.8649789029535865,0.10712783851976448
0.29691535234451294,0.427565180824222,0.8670886075949367,0.10712783851976448
0.2969748079776764,0.42851135407905805,0.8670886075949367,0.10807401177460052
0.2970542013645172,0.4291421362489487,0.8670886075949367,0.10870479394449117
0.29713132977485657,0.42998317914213624,0.8670886075949367,0.10954583683767871
0.29756784439086914,0.43103448275862066,0.8670886075949367,0.11059714045416313
0.2981550097465515,0.43103448275862066,0.869198312236287,0.11059714045416313
0.2990032434463501,0.4314550042052145,0.869198312236287,0.11101766190075696
0.29984691739082336,0.4314550042052145,0.869198312236287,0.11101766190075696
0.3000487983226776,0.4321909167367536,0.869198312236287,0.11175357443229605
0.30042535066604614,0.4325063078216989,0.869198312236287,0.11206896551724138
0.3008200526237488,0.4334524810765349,0.869198312236287,0.11301513877207736
0.3011297881603241,0.43387300252312866,0.869198312236287,0.11343566021867113
0.3017426133155823,0.43492430613961314,0.869198312236287,0.11448696383515561
0.3022959232330322,0.43597560975609756,0.869198312236287,0.11553826745164003
0.3026784658432007,0.43597560975609756,0.8713080168776371,0.11553826745164003
0.3030315637588501,0.43650126156433977,0.8713080168776371,0.11606391925988224
0.3034355640411377,0.4368166526492851,0.8713080168776371,0.11637931034482757
0.3037547171115875,0.43776282590412113,0.8713080168776371,0.1173254835996636
0.30386972427368164,0.4381833473507149,0.8713080168776371,0.11774600504625737
0.30404940247535706,0.43860386879730867,0.8713080168776371,0.11816652649285114
0.3050777316093445,0.43902439024390244,0.8713080168776371,0.11858704793944491
0.3061023950576782,0.43986543313709,0.8713080168776371,0.11942809083263245
0.3062531352043152,0.44049621530698063,0.8713080168776371,0.1200588730025231
0.306331068277359,0.440811606391926,0.8713080168776371,0.12037426408746849
0.3065812587738037,0.44144238856181667,0.8713080168776371,0.12100504625735914
0.30739569664001465,0.44144238856181667,0.8734177215189873,0.12100504625735914
0.3081647753715515,0.44144238856181667,0.8755274261603375,0.12100504625735914
0.30832934379577637,0.4415475189234651,0.8755274261603375,0.12111017661900758
0.30846935510635376,0.4415475189234651,0.8776371308016878,0.12111017661900758
0.3086665868759155,0.4415475189234651,0.8776371308016878,0.12111017661900758
0.30938225984573364,0.4420731707317073,0.8776371308016878,0.12163582842724979
0.31005311012268066,0.4419680403700589,0.8776371308016878,0.12153069806560135
0.3101021647453308,0.4428090832632464,0.8776371308016878,0.12237174095878889
0.3104412853717804,0.44333473507148863,0.8776371308016878,0.1228973927670311
0.3109888732433319,0.44386038687973084,0.8776371308016878,0.12342304457527331
0.31122300028800964,0.44449116904962155,0.8776371308016878,0.12405382674516402
0.3112609386444092,0.44522708158116064,0.8776371308016878,0.12478973927670312
0.31135809421539307,0.44522708158116064,0.8776371308016878,0.12478973927670312
0.3115663528442383,0.4453322119428091,0.8776371308016878,0.12489486963835156
0.3117234408855438,0.44575273338940286,0.8776371308016878,0.12531539108494533
0.31187373399734497,0.4458578637510513,0.8776371308016878,0.12542052144659377
0.31225520372390747,0.44669890664423884,0.8776371308016878,0.1262615643397813
0.3126058280467987,0.44669890664423884,0.879746835443038,0.1262615643397813
0.313091516494751,0.44669890664423884,0.8818565400843882,0.1262615643397813
0.3136441707611084,0.44669890664423884,0.8839662447257384,0.1262615643397813
0.3140234351158142,0.447434819175778,0.8839662447257384,0.12699747687132046
0.3143797516822815,0.447434819175778,0.8860759493670886,0.12699747687132046
0.31472116708755493,0.44764507989907487,0.8860759493670886,0.12720773759461734
0.3150734007358551,0.44764507989907487,0.8881856540084389,0.12720773759461734
0.3155103325843811,0.4486963835155593,0.8881856540084389,0.12825904121110177
0.31602340936660767,0.44953742640874683,0.8881856540084389,0.1291000841042893
0.3164213001728058,0.4505887300252313,0.8881856540084389,0.13015138772077378
0.3170531988143921,0.4505887300252313,0.890295358649789,0.13015138772077378
0.31769832968711853,0.45121951219512196,0.890295358649789,0.13078216989066443
0.3179095983505249,0.45195542472666106,0.890295358649789,0.13151808242220353
0.31807172298431396,0.45195542472666106,0.8924050632911392,0.13151808242220353
0.3184279799461365,0.45269133725820015,0.8924050632911392,0.13225399495374263
0.31867271661758423,0.45269133725820015,0.8924050632911392,0.13225399495374263
0.3187931478023529,0.4536375105130362,0.8924050632911392,0.13320016820857866
0.3190724849700928,0.4536375105130362,0.8945147679324894,0.13320016820857866
0.31975263357162476,0.4531118587047939,0.8945147679324894,0.1326745164003364
0.320292592048645,0.45374264087468463,0.8945147679324894,0.1333052985702271
0.32063421607017517,0.45374264087468463,0.8945147679324894,0.1333052985702271
0.3209950923919678,0.4541631623212784,0.8945147679324894,0.13372582001682087
0.3212725818157196,0.45574011774600504,0.8945147679324894,0.1353027754415475
0.3218059837818146,0.45574011774600504,0.8966244725738397,0.1353027754415475
0.3221658766269684,0.4558452481076535,0.8966244725738397,0.13540790580319595
0.3222194314002991,0.45626576955424725,0.8966244725738397,0.13582842724978972
0.3223414421081543,0.45647603027754413,0.8966244725738397,0.1360386879730866
0.32245922088623047,0.4570016820857864,0.8966244725738397,0.13656433978132887
0.32267966866493225,0.45784272497897394,0.8966244725738397,0.1374053826745164
0.32295793294906616,0.45784272497897394,0.8966244725738397,0.1374053826745164
0.32312896847724915,0.45784272497897394,0.8987341772151899,0.1374053826745164
0.323265939950943,0.45784272497897394,0.9008438818565401,0.1374053826745164
0.323355108499527,0.45784272497897394,0.9029535864978903,0.1374053826745164
0.32385677099227905,0.4586837678721615,0.9029535864978903,0.13824642556770395
0.32433316111564636,0.4593145500420521,0.9029535864978903,0.1388772077375946
0.32456743717193604,0.4601555929352397,0.9029535864978903,0.1397182506307822
0.3248126208782196,0.46120689655172414,0.9029535864978903,0.14076955424726662
0.32493823766708374,0.4608915054667788,0.9029535864978903,0.1404541631623213
0.3252788782119751,0.46120689655172414,0.9029535864978903,0.14076955424726662
0.3255447745323181,0.46173254835996635,0.9029535864978903,0.14129520605550883
0.3256908357143402,0.46173254835996635,0.9050632911392406,0.14129520605550883
0.3258545696735382,0.46173254835996635,0.9050632911392406,0.14129520605550883
0.32588914036750793,0.462363330529857,0.9050632911392406,0.14192598822539948
0.3260536789894104,0.4634146341463415,0.9050632911392406,0.14297729184188396
0.3263069689273834,0.46478132884777124,0.9050632911392406,0.1443439865433137
0.32642072439193726,0.4656223717409588,0.9050632911392406,0.14518502943650125
0.3264505863189697,0.46646341463414637,0.9050632911392406,0.14602607232968884
0.3265291452407837,0.4669890664423886,0.9050632911392406,0.14655172413793105
0.32697850465774536,0.46761984861227923,0.9050632911392406,0.1471825063078217
0.32743024826049805,0.4690916736753574,0.9050632911392406,0.1486543313708999
0.32805901765823364,0.46972245584524813,0.9050632911392406,0.1492851135407906
0.32903504371643066,0.47024810765349034,0.9050632911392406,0.14981076534903282
0.32962119579315186,0.470878889823381,0.9050632911392406,0.15044154751892347
0.32986634969711304,0.47171993271656854,0.9050632911392406,0.151282590412111
0.3300152122974396,0.47171993271656854,0.9071729957805907,0.151282590412111
0.330583781003952,0.4721404541631623,0.9071729957805907,0.15170311185870478
0.33112552762031555,0.4719301934398654,0.9071729957805907,0.1514928511354079
0.33120813965797424,0.4723507148864592,0.9071729957805907,0.15191337258200166
0.3312838673591614,0.4729814970563499,0.9071729957805907,0.15254415475189237
0.3314341902732849,0.47340201850294367,0.9071729957805907,0.15296467619848614
0.33160513639450073,0.47308662741799834,0.9071729957805907,0.1526492851135408
0.3317294120788574,0.47308662741799834,0.9092827004219409,0.1526492851135408
0.3320106565952301,0.47308662741799834,0.9113924050632911,0.1526492851135408
0.33240512013435364,0.47308662741799834,0.9135021097046413,0.1526492851135408
0.33277177810668945,0.4732968881412952,0.9135021097046413,0.1528595458368377
0.33296823501586914,0.4732968881412952,0.9156118143459916,0.1528595458368377
0.3330721855163574,0.47382253994953744,0.9156118143459916,0.1533851976450799
0.33326977491378784,0.4735071488645921,0.9156118143459916,0.15306980656013458
0.33345484733581543,0.47434819175777965,0.9156118143459916,0.15391084945332212
0.3337414264678955,0.47487384356602186,0.9156118143459916,0.15443650126156433
0.3340417146682739,0.47582001682085784,0.9156118143459916,0.1553826745164003
0.3341512382030487,0.4767661900756939,0.9156118143459916,0.15632884777123635
0.33424827456474304,0.4772918418839361,0.9156118143459916,0.15685449957947856
0.33434000611305237,0.4772918418839361,0.9177215189873418,0.15685449957947856
0.33439210057258606,0.4778174936921783,0.9177215189873418,0.15738015138772077
0.3344481289386749,0.4780277544154752,0.9177215189873418,0.15759041211101765
0.33457112312316895,0.4780277544154752,0.919831223628692,0.15759041211101765
0.33470097184181213,0.4788687973086627,0.919831223628692,0.1584314550042052
0.3348574638366699,0.47928931875525654,0.919831223628692,0.15885197645079902
0.3350866734981537,0.4797098402018503,0.919831223628692,0.15927249789739278
0.33528682589530945,0.48034062237174097,0.919831223628692,0.15990328006728344
0.3354363441467285,0.4808662741799832,0.919831223628692,0.16042893187552565
0.3356313407421112,0.4813919259882254,0.919831223628692,0.16095458368376786
0.33606311678886414,0.48233809924306137,0.919831223628692,0.16190075693860384
0.33644288778305054,0.4832842724978974,0.919831223628692,0.16284693019343988
0.33687007427215576,0.4840201850294365,0.919831223628692,0.16358284272497897
0.3373708128929138,0.4845458368376787,0.919831223628692,0.16410849453322118
0.33825647830963135,0.48538687973086625,0.919831223628692,0.16494953742640872
0.3389928340911865,0.4858074011774601,0.919831223628692,0.16537005887300255
0.3390752673149109,0.4863330529857023,0.919831223628692,0.16589571068124476
0.33931028842926025,0.4868587047939445,0.919831223628692,0.16642136248948697
0.3395830988883972,0.48748948696383515,0.919831223628692,0.16705214465937762
0.3398100733757019,0.48843566021867113,0.919831223628692,0.1679983179142136
0.34001290798187256,0.48885618166526495,0.919831223628692,0.16841883936080743
0.34008288383483887,0.48885618166526495,0.919831223628692,0.16841883936080743
0.34015989303588867,0.4885407905803196,0.919831223628692,0.16810344827586204
0.3404431641101837,0.48906644238856184,0.919831223628692,0.1686291000841043
0.3407837152481079,0.48980235492010094,0.919831223628692,0.1693650126156434
0.3414754867553711,0.4900126156433978,0.919831223628692,0.1695752733389403
0.34213078022003174,0.4909587888982338,0.919831223628692,0.17052144659377627
0.3422775864601135,0.4909587888982338,0.9219409282700421,0.17052144659377627
0.34277644753456116,0.4920100925147183,0.9219409282700421,0.17157275021026075
0.34334707260131836,0.49295626576955426,0.9219409282700421,0.17251892346509673
0.3434911072254181,0.49316652649285114,0.9219409282700421,0.17272918418839361
0.3437354266643524,0.49316652649285114,0.9219409282700421,0.17272918418839361
0.34396669268608093,0.493376787216148,0.9219409282700421,0.1729394449116905
0.3439839482307434,0.493376787216148,0.9240506329113924,0.1729394449116905
0.34461158514022827,0.4937973086627418,0.9240506329113924,0.17335996635828427
0.34578967094421387,0.49442809083263245,0.9240506329113924,0.17399074852817492
0.34635698795318604,0.4948486122792262,0.9240506329113924,0.1744112699747687
0.34641674160957336,0.4950588730025231,0.9240506329113924,0.17462153069806557
0.34648919105529785,0.4958999158957107,0.9240506329113924,0.17546257359125317
0.34686174988746643,0.4958999158957107,0.9261603375527426,0.17546257359125317
0.34729889035224915,0.4964255677039529,0.9261603375527426,0.17598822539949538
0.34768301248550415,0.4969512195121951,0.9261603375527426,0.1765138772077376
0.34829097986221313,0.4969512195121951,0.9282700421940928,0.1765138772077376
0.3486379384994507,0.4973717409587889,0.9282700421940928,0.17693439865433136
0.3487130105495453,0.498107653490328,0.9282700421940928,0.17767031118587046
0.34891605377197266,0.49863330529857025,0.9282700421940928,0.17819596299411272
0.349246084690094,0.49915895710681246,0.9282700421940928,0.17872161480235493
0.3495132327079773,0.4997897392767031,0.9282700421940928,0.1793523969722456
0.34977930784225464,0.5006307821698907,0.9282700421940928,0.18019343986543312
0.35032087564468384,0.5006307821698907,0.9282700421940928,0.18019343986543312
0.3507303297519684,0.5006307821698907,0.930379746835443,0.18019343986543312
0.35094982385635376,0.5010513036164844,0.930379746835443,0.1806139613120269
0.3512575328350067,0.5015769554247267,0.930379746835443,0.18113961312026916
0.3515113294124603,0.5021026072329688,0.930379746835443,0.18166526492851132
0.35172533988952637,0.5023128679562657,0.930379746835443,0.1818755256518082
0.3521825671195984,0.5030487804878049,0.930379746835443,0.18261143818334735
0.35275715589523315,0.5036795626576955,0.930379746835443,0.183242220353238
0.3529725670814514,0.5043103448275862,0.930379746835443,0.18387300252312866
0.3531807065010071,0.5051513877207737,0.930379746835443,0.1847140454163162
0.3535814881324768,0.5044154751892347,0.930379746835443,0.18397813288477716
0.35382717847824097,0.5048359966358285,0.930379746835443,0.18439865433137093
0.35398900508880615,0.5058873002523129,0.930379746835443,0.18544995794785535
0.35421210527420044,0.5064129520605551,0.930379746835443,0.18597560975609762
0.3544219732284546,0.5065180824222035,0.930379746835443,0.186080740117746
0.3547249138355255,0.5074642556770396,0.930379746835443,0.18702691337258204
0.3549843430519104,0.5078847771236333,0.930379746835443,0.1874474348191758
0.3551226258277893,0.5082001682085786,0.930379746835443,0.18776282590412108
0.3552010655403137,0.5086206896551724,0.930379746835443,0.18818334735071485
0.3552440404891968,0.5086206896551724,0.9324894514767933,0.18818334735071485
0.3554677963256836,0.5088309503784693,0.9324894514767933,0.18839360807401173
0.35566699504852295,0.5096719932716569,0.9324894514767933,0.18923465096719938
0.35568130016326904,0.510407905803196,0.9324894514767933,0.18997056349873842
0.35589897632598877,0.5108284272497897,0.9324894514767933,0.1903910849453322
0.35615038871765137,0.5110386879730866,0.9324894514767933,0.19060134566862907
0.35627496242523193,0.5114592094196804,0.9324894514767933,0.19102186711522284
0.3566106855869293,0.5123002523128679,0.9324894514767933,0.19186291000841038
0.3568733036518097,0.5129310344827587,0.9324894514767933,0.19249369217830115
0.35702502727508545,0.513246425567704,0.9324894514767933,0.19280908326324642
0.3576411306858063,0.5135618166526493,0.9324894514767933,0.1931244743481918
0.35840266942977905,0.5133515559293524,0.9324894514767933,0.19291421362489491
0.3586992621421814,0.5142977291841884,0.9324894514767933,0.19386038687973084
0.35891711711883545,0.5152439024390244,0.9324894514767933,0.19480656013456688
0.35960397124290466,0.5152439024390244,0.9324894514767933,0.19480656013456688
0.36014655232429504,0.5150336417157275,0.9324894514767933,0.19459629941127
0.36023586988449097,0.5154541631623213,0.9324894514767933,0.19501682085786376
0.3604065775871277,0.5154541631623213,0.9345991561181435,0.19501682085786376
0.36065471172332764,0.5161900756938604,0.9345991561181435,0.1957527333894029
0.36080360412597656,0.5168208578637511,0.9345991561181435,0.19638351555929356
0.36092275381088257,0.5172413793103449,0.9345991561181435,0.19680403700588733
0.3610423803329468,0.5179772918418839,0.9345991561181435,0.19753994953742637
0.3614822030067444,0.5179772918418839,0.9345991561181435,0.19753994953742637
0.36203813552856445,0.5179772918418839,0.9345991561181435,0.19753994953742637
0.36246028542518616,0.5183978132884777,0.9345991561181435,0.19796047098402014
0.3628937900066376,0.5192388561816653,0.9345991561181435,0.1988015138772078
0.3630855083465576,0.5199747687132044,0.9345991561181435,0.19953742640874683
0.3632097840309143,0.5199747687132044,0.9367088607594937,0.19953742640874683
0.36336103081703186,0.5208158116063919,0.9367088607594937,0.20037846930193437
0.36356139183044434,0.5208158116063919,0.9388185654008439,0.20037846930193437
0.36377644538879395,0.5214465937762826,0.9388185654008439,0.20100925147182502
0.3640104830265045,0.5219722455845248,0.9388185654008439,0.2015349032800673
0.3642091751098633,0.5222876366694701,0.9388185654008439,0.20185029436501256
0.364261656999588,0.5220773759461732,0.9388185654008439,0.20164003364171568
0.36436113715171814,0.522708158116064,0.9388185654008439,0.20227081581160644
0.364435613155365,0.5229184188393609,0.9388185654008439,0.20248107653490333
0.36454495787620544,0.5232338099243061,0.9388185654008439,0.2027964676198486
0.36511343717575073,0.5241799831791422,0.9388185654008439,0.20374264087468463
0.36559900641441345,0.5241799831791422,0.9388185654008439,0.20374264087468463
0.36567097902297974,0.5244953742640874,0.9388185654008439,0.2040580319596299
0.36573323607444763,0.5254415475189235,0.9388185654008439,0.20500420521446594
0.3658340573310852,0.5258620689655172,0.9388185654008439,0.2054247266610597
0.3662375211715698,0.5271236333052985,0.9388185654008439,0.20668629100084102
0.36725741624832153,0.5275441547518923,0.9388185654008439,0.20710681244743478
0.36798012256622314,0.5283851976450799,0.9388185654008439,0.20794785534062232
0.36806249618530273,0.5283851976450799,0.9388185654008439,0.20794785534062232
0.3683153986930847,0.5282800672834315,0.9388185654008439,0.20784272497897394
0.36852097511291504,0.5289108494533221,0.9388185654008439,0.2084735071488646
0.36855047941207886,0.5305929352396972,0.9388185654008439,0.21015559293523967
0.3686091899871826,0.5315391084945332,0.9388185654008439,0.2111017661900757
0.3686801791191101,0.5324852817493693,0.9388185654008439,0.21204793944491174
0.36876773834228516,0.5331160639192599,0.9388185654008439,0.2126787216148024
0.36897987127304077,0.5340622371740958,0.9388185654008439,0.21362489486963832
0.369180291891098,0.5340622371740958,0.9409282700421941,0.21362489486963832
0.36928683519363403,0.534798149705635,0.9409282700421941,0.21436080740117747
0.3699605464935303,0.5353238015138773,0.9409282700421941,0.21488645920941973
0.37072303891181946,0.5353238015138773,0.9430379746835443,0.21488645920941973
0.37102770805358887,0.5353238015138773,0.9430379746835443,0.21488645920941973
0.371299147605896,0.5353238015138773,0.9430379746835443,0.21488645920941973
0.3715828061103821,0.5346930193439865,0.9430379746835443,0.21425567703952897
0.37198737263679504,0.5345878889823381,0.9430379746835443,0.21415054667788058
0.37233778834342957,0.5352186711522288,0.9430379746835443,0.21478132884777124
0.3724820911884308,0.5352186711522288,0.9430379746835443,0.21478132884777124
0.37271708250045776,0.5350084104289319,0.9430379746835443,0.21457106812447435
0.37294241786003113,0.535744322960471,0.9430379746835443,0.2153069806560135
0.3730844259262085,0.5371110176619007,0.9430379746835443,0.2166736753574432
0.3732185363769531,0.5369007569386038,0.9430379746835443,0.2164634146341463
0.37324219942092896,0.5369007569386038,0.9430379746835443,0.2164634146341463
0.37329423427581787,0.5369007569386038,0.9451476793248945,0.2164634146341463
0.3734332323074341,0.5377417998317914,0.9451476793248945,0.21730445752733385
0.3737371563911438,0.538372582001682,0.9451476793248945,0.2179352396972245
0.3739416301250458,0.5386879730866274,0.9451476793248945,0.21825063078216989
0.3740162253379822,0.538372582001682,0.9451476793248945,0.2179352396972245
0.374106228351593,0.5392136248948697,0.9451476793248945,0.21877628259041215
0.3743252456188202,0.5398444070647603,0.9451476793248945,0.2194070647603028
0.374848335981369,0.540475189234651,0.9451476793248945,0.22003784693019346
0.37517988681793213,0.5413162321278385,0.9451476793248945,0.220878889823381
0.37527868151664734,0.5415264928511354,0.9451476793248945,0.22108915054667788
0.37567299604415894,0.5418418839360808,0.9451476793248945,0.22140454163162326
0.3760274648666382,0.5425777964676198,0.9451476793248945,0.2221404541631623
0.37616968154907227,0.5431034482758621,0.9451476793248945,0.22266610597140457
0.37627989053726196,0.5437342304457528,0.9451476793248945,0.22329688814129522
0.37638548016548157,0.5442598822539949,0.9451476793248945,0.22382253994953738
0.37676870822906494,0.5446804037005887,0.9451476793248945,0.22424306139613115
0.37711307406425476,0.5451009251471826,0.9451476793248945,0.22466358284272503
0.3771688640117645,0.5456265769554247,0.9451476793248945,0.22518923465096718
0.37741297483444214,0.5456265769554247,0.9472573839662447,0.22518923465096718
0.37777552008628845,0.5465727502102607,0.9472573839662447,0.22613540790580322
0.37806957960128784,0.5474137931034483,0.9472573839662447,0.22697645079899076
0.37849098443984985,0.5479394449116904,0.9472573839662447,0.22750210260723291
0.3790019750595093,0.5483599663582843,0.9472573839662447,0.2279226240538268
0.3794693946838379,0.5493061396131202,0.9472573839662447,0.22886879730866272
0.37991905212402344,0.5493061396131202,0.9493670886075949,0.22886879730866272
0.3803427219390869,0.5499369217830109,0.9493670886075949,0.22949957947855337
0.38055258989334106,0.5499369217830109,0.9493670886075949,0.22949957947855337
0.380768358707428,0.5503574432296047,0.9493670886075949,0.22992010092514714
0.381051242351532,0.5509882253994953,0.9493670886075949,0.2305508830950378
0.381242036819458,0.551829268292683,0.9493670886075949,0.23139192598822544
0.38133832812309265,0.5523549201009251,0.9493670886075949,0.2319175777964676
0.38158008456230164,0.551829268292683,0.9493670886075949,0.23139192598822544
0.3818385601043701,0.5521446593776282,0.9493670886075949,0.23170731707317072
0.38198208808898926,0.5523549201009251,0.9493670886075949,0.2319175777964676
0.38234665989875793,0.5531959629941127,0.9493670886075949,0.23275862068965514
0.3826839327812195,0.5531959629941127,0.9493670886075949,0.23275862068965514
0.3829253911972046,0.5540370058873002,0.9493670886075949,0.23359966358284268
0.3831547498703003,0.554667788057191,0.9493670886075949,0.23423044575273344
0.38326817750930786,0.5551934398654331,0.9493670886075949,0.2347560975609756
0.3834420442581177,0.5557190916736754,0.9493670886075949,0.23528174936921786
0.3838793635368347,0.5562447434819175,0.9493670886075949,0.23580740117746002
0.3845633268356323,0.5566652649285113,0.9493670886075949,0.2362279226240538
0.3849796652793884,0.5571909167367536,0.9493670886075949,0.23675357443229605
0.3851083517074585,0.5584524810765349,0.9493670886075949,0.23801513877207736
0.38546743988990784,0.559188393608074,0.9493670886075949,0.2387510513036165
0.3858151435852051,0.5598191757779647,0.9493670886075949,0.23938183347350717
0.38598668575286865,0.5606602186711522,0.9493670886075949,0.2402228763666947
0.38612502813339233,0.5607653490328006,0.9493670886075949,0.2403280067283431
0.3862701952457428,0.5607653490328006,0.9493670886075949,0.2403280067283431
0.386613130569458,0.5607653490328006,0.9514767932489452,0.2403280067283431
0.38709935545921326,0.5615012615643398,0.9514767932489452,0.24106391925988224
0.3874151110649109,0.562026913372582,0.9514767932489452,0.2415895710681245
0.3879817724227905,0.5627628259041211,0.9514767932489452,0.24232548359966355
0.3886162042617798,0.5634987384356602,0.9514767932489452,0.2430613961312027
0.38886559009552,0.5634987384356602,0.9535864978902954,0.2430613961312027
0.38903966546058655,0.5636038687973086,0.9535864978902954,0.2431665264928511
0.3891932964324951,0.5646551724137931,0.9535864978902954,0.24421783010933562
0.3893134593963623,0.5650756938603869,0.9535864978902954,0.2446383515559294
0.38944441080093384,0.5660218671152228,0.9535864978902954,0.24558452481076531
0.38953304290771484,0.5657064760302776,0.9535864978902954,0.24526913372582004
0.3895874619483948,0.566757779646762,0.9535864978902954,0.24632043734230447
0.3898390829563141,0.566757779646762,0.9556962025316456,0.24632043734230447
0.39010411500930786,0.5673885618166526,0.9556962025316456,0.24695121951219512
0.3902176022529602,0.5681244743481918,0.9556962025316456,0.24768713204373427
0.3906802535057068,0.5681244743481918,0.9556962025316456,0.24768713204373427
0.39127540588378906,0.5689655172413793,0.9556962025316456,0.2485281749369218
0.3917038142681122,0.5693860386879731,0.9556962025316456,0.24894869638351558
0.3921477198600769,0.5693860386879731,0.9578059071729957,0.24894869638351558
0.3924180865287781,0.5700168208578638,0.9578059071729957,0.24957947855340623
0.3928714990615845,0.5709629941126998,0.9578059071729957,0.25052565180824227
0.3933138847351074,0.5718040370058873,0.9578059071729957,0.2513666947014298
0.3935842514038086,0.572434819175778,0.9578059071729957,0.25199747687132046
0.39395469427108765,0.5728553406223718,0.9578059071729957,0.2524179983179142
0.3941723704338074,0.5722245584524811,0.9578059071729957,0.2517872161480236
0.39425593614578247,0.5727502102607233,0.9578059071729957,0.25231286795626573
0.39435887336730957,0.5735912531539108,0.9578059071729957,0.25315391084945327
0.3945080041885376,0.5739066442388562,0.9578059071729957,0.25346930193439865
0.39461764693260193,0.5739066442388562,0.959915611814346,0.25346930193439865
0.39466726779937744,0.57432716568545,0.959915611814346,0.2538898233809924
0.3951912224292755,0.5749579478553406,0.959915611814346,0.2545206055508831
0.3957860469818115,0.5756938603868798,0.959915611814346,0.2552565180824222
0.3958820700645447,0.5759041211101766,0.959915611814346,0.2554667788057191
0.3958980441093445,0.5765349032800673,0.959915611814346,0.25609756097560976
0.39592403173446655,0.5767451640033642,0.959915611814346,0.25630782169890665
0.3960908055305481,0.5773759461732548,0.959915611814346,0.2569386038687973
0.3962757885456085,0.5783221194280909,0.959915611814346,0.25788477712363334
0.3965872526168823,0.5783221194280909,0.959915611814346,0.25788477712363334
0.39699065685272217,0.5789529015979815,0.959915611814346,0.258515559293524
0.3972952365875244,0.5793734230445753,0.959915611814346,0.25893608074011776
0.39766526222229004,0.5798990748528174,0.959915611814346,0.2594617325483599
0.39791154861450195,0.5794785534062237,0.959915611814346,0.25904121110176614
0.3979816138744354,0.5790580319596299,0.959915611814346,0.2586206896551724
0.39826393127441406,0.578847771236333,0.959915611814346,0.2584104289318755
0.3986291289329529,0.578847771236333,0.959915611814346,0.2584104289318755
0.39886587858200073,0.578847771236333,0.9620253164556962,0.2584104289318755
0.3991583585739136,0.5793734230445753,0.9620253164556962,0.25893608074011776
0.3994450569152832,0.5793734230445753,0.9620253164556962,0.25893608074011776
0.3996826410293579,0.5793734230445753,0.9620253164556962,0.25893608074011776
0.3998625874519348,0.5798990748528174,0.9620253164556962,0.2594617325483599
0.40020060539245605,0.5793734230445753,0.9620253164556962,0.25893608074011776
0.4004973769187927,0.5800042052144659,0.9620253164556962,0.2595668629100084
0.40059953927993774,0.5803195962994113,0.9620253164556962,0.2598822539949538
0.4006763696670532,0.5808452481076535,0.9620253164556962,0.26040790580319595
0.40075618028640747,0.5815811606391926,0.9620253164556962,0.2611438183347351
0.4008607268333435,0.5825273338940286,0.9620253164556962,0.262089991589571
0.400982141494751,0.5833683767872162,0.9620253164556962,0.2629310344827587
0.4011611342430115,0.5824222035323802,0.9620253164556962,0.26198486122792264
0.40133628249168396,0.582632464255677,0.9620253164556962,0.2621951219512195
0.40166395902633667,0.5832632464255677,0.9620253164556962,0.2628259041211102
0.4020099639892578,0.5834735071488646,0.9620253164556962,0.26303616484440706
0.4023139774799347,0.58378889823381,0.9620253164556962,0.26335155592935244
0.40274155139923096,0.5843145500420521,0.9620253164556962,0.2638772077375946
0.40316516160964966,0.5858915054667788,0.9620253164556962,0.2654541631623213
0.40345680713653564,0.5852607232968882,0.9620253164556962,0.26482338099243063
0.4039379954338074,0.5862068965517241,0.9620253164556962,0.26576955424726656
0.40435945987701416,0.586627417998318,0.9620253164556962,0.26619007569386044
0.4047653079032898,0.5865222876366695,0.9620253164556962,0.26608494533221194
0.40514981746673584,0.5875735912531539,0.9620253164556962,0.26713624894869636
0.4051836133003235,0.588309503784693,0.9620253164556962,0.2678721614802355
0.4052034616470337,0.5890454163162321,0.9620253164556962,0.26860807401177456
0.4052179157733917,0.5890454163162321,0.9641350210970464,0.26860807401177456
0.40547364950180054,0.5895710681244744,0.9641350210970464,0.2691337258200168
0.40591394901275635,0.5895710681244744,0.9641350210970464,0.2691337258200168
0.40623939037323,0.590201850294365,0.9641350210970464,0.2697645079899075
0.40656018257141113,0.590201850294365,0.9662447257383966,0.2697645079899075
0.4067728519439697,0.590201850294365,0.9683544303797469,0.2697645079899075
0.4072560667991638,0.5907275021026073,0.9683544303797469,0.27029015979814974
0.407818078994751,0.591148023549201,0.9683544303797469,0.2707106812447435
0.40802478790283203,0.5918839360807401,0.9683544303797469,0.27144659377628255
0.4082626700401306,0.592094196804037,0.9683544303797469,0.27165685449957944
0.40891575813293457,0.5926198486122792,0.9683544303797469,0.2721825063078217
0.4096205532550812,0.5932506307821699,0.9683544303797469,0.27281328847771236
0.40982145071029663,0.5934608915054668,0.9683544303797469,0.27302354920100924
0.40987128019332886,0.5943019343986543,0.9683544303797469,0.2738645920941968
0.4101814031600952,0.5952481076534903,0.9683544303797469,0.2748107653490328
0.4104936718940735,0.5961942809083264,0.9683544303797469,0.27575693860386885
0.410696417093277,0.5961942809083264,0.9683544303797469,0.27575693860386885
0.4111851453781128,0.5960891505466779,0.9683544303797469,0.27565180824222035
0.41184133291244507,0.5960891505466779,0.9683544303797469,0.27565180824222035
0.41228383779525757,0.5969301934398654,0.9683544303797469,0.2764928511354079
0.4128817915916443,0.5973507148864592,0.9683544303797469,0.27691337258200166
0.4136725664138794,0.5978763666947015,0.9683544303797469,0.2774390243902439
0.41398268938064575,0.5979814970563498,0.9683544303797469,0.2775441547518923
0.4141576886177063,0.5986122792262405,0.9683544303797469,0.27817493692178297
0.41449499130249023,0.5993481917577796,0.9683544303797469,0.2789108494533221
0.4147321581840515,0.5993481917577796,0.9683544303797469,0.2789108494533221
0.4152730703353882,0.5999789739276703,0.9683544303797469,0.27954163162321277
0.41582179069519043,0.6003994953742641,0.9683544303797469,0.27996215306980654
0.4159422814846039,0.6012405382674516,0.9683544303797469,0.2808031959629941
0.4162648022174835,0.6010302775441547,0.9683544303797469,0.2805929352396972
0.4174157679080963,0.6014507989907485,0.9683544303797469,0.28101345668629096
0.4186449944972992,0.6020815811606391,0.9683544303797469,0.2816442388561816
0.4190102815628052,0.6027123633305299,0.9683544303797469,0.2822750210260724
0.41915637254714966,0.6025021026072329,0.9683544303797469,0.2820647603027754
0.4195241928100586,0.6030277544154752,0.9683544303797469,0.28259041211101765
0.41978591680526733,0.6037636669470143,0.9683544303797469,0.2833263246425568
0.41998541355133057,0.6042893187552565,0.9683544303797469,0.28385197645079896
0.4202798008918762,0.6049201009251471,0.9683544303797469,0.2844827586206896
0.4204061031341553,0.6057611438183347,0.9683544303797469,0.28532380151387715
0.42044302821159363,0.6056560134566863,0.9683544303797469,0.28521867115222876
0.4205545485019684,0.6060765349032801,0.9683544303797469,0.28563919259882253
0.42070144414901733,0.6067073170731707,0.9683544303797469,0.2862699747687132
0.42084288597106934,0.607232968881413,0.9683544303797469,0.28679562657695545
0.42099928855895996,0.6078637510513036,0.9683544303797469,0.2874264087468461
0.42108941078186035,0.6080740117746005,0.9683544303797469,0.287636669470143
0.42114323377609253,0.6091253153910849,0.9683544303797469,0.2886879730866274
0.4213342070579529,0.6097560975609756,0.9683544303797469,0.28931875525651807
0.42155683040618896,0.6097560975609756,0.9704641350210971,0.28931875525651807
0.4217020571231842,0.6097560975609756,0.9725738396624473,0.28931875525651807
0.42226701974868774,0.6103868797308662,0.9725738396624473,0.2899495374264087
0.4228580594062805,0.6103868797308662,0.9725738396624473,0.2899495374264087
0.42347094416618347,0.6110176619007569,0.9725738396624473,0.2905803195962994
0.4243452548980713,0.6118587047939444,0.9725738396624473,0.2914213624894869
0.4247291088104248,0.6122792262405383,0.9725738396624473,0.2918418839360808
0.4247654676437378,0.612910008410429,0.9725738396624473,0.29247266610597145
0.4248843193054199,0.613645920941968,0.9725738396624473,0.2932085786375105
0.4251271188259125,0.6140664423885618,0.9725738396624473,0.29362910008410426
0.42528724670410156,0.6150126156433978,0.9725738396624473,0.2945752733389403
0.4253953695297241,0.6155382674516401,0.9725738396624473,0.29510092514718256
0.4256119132041931,0.6162741799831791,0.9725738396624473,0.2958368376787216
0.4257907271385193,0.6169049621530698,0.9725738396624473,0.29646761984861225
0.42586255073547363,0.6177460050462573,0.9725738396624473,0.2973086627417998
0.42606180906295776,0.618376787216148,0.9725738396624473,0.29793944491169044
0.4263155460357666,0.6185870479394449,0.9725738396624473,0.2981497056349873
0.426407128572464,0.619322960470984,0.9725738396624473,0.2988856181665265
0.42641493678092957,0.6196383515559294,0.9725738396624473,0.29920100925147186
0.42700546979904175,0.6201640033641715,0.9725738396624473,0.299726661059714
0.4276427626609802,0.6204793944491169,0.9725738396624473,0.3000420521446594
0.42770010232925415,0.6214255677039529,0.9725738396624473,0.3009882253994953
0.42788761854171753,0.6220563498738436,0.9725738396624473,0.3016190075693861
0.428128182888031,0.6223717409587889,0.9725738396624473,0.30193439865433136
0.4285106956958771,0.6232127838519764,0.9725738396624473,0.3027754415475189
0.42884010076522827,0.624053826745164,0.9725738396624473,0.30361648444070644
0.42913705110549927,0.6246846089150546,0.9725738396624473,0.3042472666105971
0.4294699430465698,0.6246846089150546,0.9725738396624473,0.3042472666105971
0.4295138716697693,0.6251051303616485,0.9725738396624473,0.30466778805719097
0.4295607805252075,0.6258410428931875,0.9725738396624473,0.30540370058873
0.42965036630630493,0.6262615643397813,0.9725738396624473,0.3058242220353238
0.42983686923980713,0.6266820857863751,0.9725738396624473,0.30624474348191755
0.4301999807357788,0.6264718250630782,0.9725738396624473,0.30603448275862066
0.4304949641227722,0.6264718250630782,0.9725738396624473,0.30603448275862066
0.4306172728538513,0.6274179983179142,0.9725738396624473,0.3069806560134567
0.43066906929016113,0.6279436501261564,0.9725738396624473,0.30750630782169885
0.43107104301452637,0.6283641715727503,0.9725738396624473,0.30792682926829273
0.4315776824951172,0.6289949537426409,0.9725738396624473,0.3085576114381834
0.4320935606956482,0.6295206055508831,0.9725738396624473,0.30908326324642554
0.4326167404651642,0.6302565180824222,0.9725738396624473,0.3098191757779647
0.43302974104881287,0.6298359966358285,0.9725738396624473,0.3093986543313709
0.4333750009536743,0.6307821698906644,0.9725738396624473,0.31034482758620685
0.4334504306316376,0.6315180824222035,0.9725738396624473,0.311080740117746
0.4336262345314026,0.6320437342304458,0.9725738396624473,0.31160639192598827
0.4340648651123047,0.6323591253153911,0.9725738396624473,0.31192178301093354
0.434553861618042,0.6323591253153911,0.9725738396624473,0.31192178301093354
0.43477341532707214,0.6328847771236333,0.9725738396624473,0.3124474348191758
0.43484312295913696,0.6338309503784693,0.9725738396624473,0.31339360807401173
0.43509745597839355,0.6344617325483599,0.9725738396624473,0.3140243902439024
0.4354405999183655,0.6350925147182507,0.9725738396624473,0.31465517241379315
0.4357433021068573,0.6348822539949538,0.9725738396624473,0.31444491169049626
0.43610894680023193,0.6355130361648444,0.9725738396624473,0.3150756938603869
0.43650686740875244,0.635407905803196,0.9725738396624473,0.3149705634987384
0.43678995966911316,0.6362489486963835,0.9725738396624473,0.31581160639192596
0.4368894100189209,0.637089991589571,0.9725738396624473,0.3166526492851135
0.4369952976703644,0.6374053826745164,0.9725738396624473,0.3169680403700589
0.43717169761657715,0.6379310344827587,0.9725738396624473,0.31749369217830115
0.4373900592327118,0.6388772077375946,0.9725738396624473,0.31843986543313707
0.43776464462280273,0.6394028595458369,0.9725738396624473,0.31896551724137934
0.43818092346191406,0.6398233809924306,0.9725738396624473,0.3193860386879731
0.438385009765625,0.6406644238856182,0.9725738396624473,0.32022708158116064
0.4385822117328644,0.6412952060555088,0.9725738396624473,0.3208578637510513
0.4391024112701416,0.6419259882253995,0.9725738396624473,0.32148864592094195
0.43955641984939575,0.6426619007569386,0.9725738396624473,0.3222245584524811
0.43974071741104126,0.6430824222035324,0.9725738396624473,0.32264507989907487
0.4400285482406616,0.6436080740117746,0.9725738396624473,0.323170731707317
0.44038236141204834,0.6441337258200168,0.9725738396624473,0.3236963835155593
0.44072556495666504,0.6447645079899075,0.9725738396624473,0.32432716568544995
0.44099926948547363,0.6452901597981497,0.9725738396624473,0.3248528174936922
0.4416997730731964,0.6459209419680404,0.9725738396624473,0.32548359966358287
0.4423423707485199,0.646551724137931,0.9725738396624473,0.3261143818334735
0.4424059987068176,0.6473927670311186,0.9725738396624473,0.32695542472666106
0.4425031840801239,0.6473927670311186,0.9746835443037974,0.32695542472666106
0.4425848722457886,0.6479184188393609,0.9746835443037974,0.3274810765349033
0.44262635707855225,0.6485492010092515,0.9746835443037974,0.328111858704794
0.44320815801620483,0.6489697224558453,0.9746835443037974,0.32853238015138775
0.4437999129295349,0.6489697224558453,0.9746835443037974,0.32853238015138775
0.44405514001846313,0.6494953742640874,0.9746835443037974,0.3290580319596299
0.4444187581539154,0.6499158957106812,0.9746835443037974,0.3294785534062237
0.44455111026763916,0.6504415475189235,0.9746835443037974,0.33000420521446594
0.4448010325431824,0.651282590412111,0.9746835443037974,0.3308452481076535
0.44511184096336365,0.6520185029436502,0.9746835443037974,0.33158116063919263
0.44520920515060425,0.6515979814970564,0.9746835443037974,0.33116063919259886
0.44531798362731934,0.6513877207737595,0.9746835443037974,0.330950378469302
0.4454140365123749,0.6517031118587048,0.9746835443037974,0.33126576955424725
0.4454672336578369,0.652228763666947,0.9746835443037974,0.3317914213624895
0.4457099139690399,0.652228763666947,0.9746835443037974,0.3317914213624895
0.44593721628189087,0.6526492851135408,0.9746835443037974,0.3322119428090833
0.44611814618110657,0.6533851976450799,0.9746835443037974,0.3329478553406223
0.4464709162712097,0.6538057190916736,0.9746835443037974,0.3333683767872161
0.4466579556465149,0.6538057190916736,0.9767932489451476,0.3333683767872161
0.4467249810695648,0.6544365012615644,0.9767932489451476,0.33399915895710686
0.44704675674438477,0.6548570227081582,0.9767932489451476,0.3344196804037006
0.4474836587905884,0.6554878048780488,0.9767932489451476,0.3350504625735913
0.44767093658447266,0.656013456686291,0.9767932489451476,0.33557611438183343
0.44770169258117676,0.656013456686291,0.9767932489451476,0.33557611438183343
0.44775688648223877,0.6568544995794785,0.9767932489451476,0.336417157275021
0.44796884059906006,0.6572750210260724,0.9767932489451476,0.33683767872161485
0.44818297028541565,0.6575904121110177,0.9767932489451476,0.3371530698065601
0.44847747683525085,0.6575904121110177,0.9789029535864979,0.3371530698065601
0.4488852620124817,0.6575904121110177,0.9789029535864979,0.3371530698065601
0.4490928053855896,0.6581160639192599,0.9789029535864979,0.3376787216148024
0.44925907254219055,0.6590622371740958,0.9789029535864979,0.3386248948696383
0.449479341506958,0.6595878889823381,0.9789029535864979,0.3391505466778806
0.4496294856071472,0.6603238015138773,0.9789029535864979,0.33988645920941973
0.44977128505706787,0.6605340622371741,0.9789029535864979,0.3400967199327166
0.4499412178993225,0.6605340622371741,0.9789029535864979,0.3400967199327166
0.4500315487384796,0.6611648444070648,0.9789029535864979,0.34072750210260727
0.45006394386291504,0.6611648444070648,0.9789029535864979,0.34072750210260727
0.45027923583984375,0.6614802354920101,0.9789029535864979,0.34104289318755254
0.4510517418384552,0.6624264087468461,0.9789029535864979,0.3419890664423886
0.45209741592407227,0.6624264087468461,0.9810126582278481,0.3419890664423886
0.4527856409549713,0.6631623212783851,0.9810126582278481,0.3427249789739276
0.4534927308559418,0.6638982338099243,0.9810126582278481,0.34346089150546677
0.45411422848701477,0.6647392767031118,0.9810126582278481,0.3443019343986543
0.4544760584831238,0.665475189234651,0.9810126582278481,0.34503784693019346
0.45520299673080444,0.6658957106812448,0.9810126582278481,0.34545836837678723
0.45590436458587646,0.6657905803195963,0.9810126582278481,0.34535323801513873
0.4561260938644409,0.6657905803195963,0.9810126582278481,0.34535323801513873
0.45614945888519287,0.6666316232127838,0.9810126582278481,0.34619428090832627
0.45617955923080444,0.668313708999159,0.9810126582278481,0.34787636669470146
0.4562975764274597,0.6692598822539949,0.9810126582278481,0.3488225399495374
0.45673084259033203,0.6708368376787216,0.9810126582278481,0.35039949537426407
0.45744985342025757,0.6714676198486123,0.9810126582278481,0.3510302775441547
0.4578899145126343,0.6722035323801514,0.9810126582278481,0.3517661900756939
0.4581330418586731,0.6732548359966358,0.9810126582278481,0.3528174936921783
0.45836353302001953,0.6736753574432296,0.9810126582278481,0.35323801513877207
0.45849961042404175,0.6746215306980656,0.9810126582278481,0.3541841883936081
0.4587162137031555,0.6746215306980656,0.9831223628691983,0.3541841883936081
0.45902806520462036,0.6753574432296047,0.9831223628691983,0.35492010092514714
0.4595048725605011,0.6753574432296047,0.9852320675105485,0.35492010092514714
0.4598489999771118,0.6749369217830109,0.9852320675105485,0.3544995794785534
0.4600420594215393,0.6753574432296047,0.9852320675105485,0.35492010092514714
0.46026623249053955,0.6772497897392767,0.9852320675105485,0.3568124474348192
0.4603661596775055,0.6781959629941127,0.9852320675105485,0.35775862068965514
0.46048590540885925,0.6783010933557612,0.9852320675105485,0.35786375105130364
0.46117833256721497,0.6789318755256518,0.9852320675105485,0.3584945332211943
0.46190935373306274,0.6793523969722456,0.9852320675105485,0.35891505466778806
0.4620707631111145,0.6793523969722456,0.9873417721518988,0.35891505466778806
0.4621415138244629,0.6793523969722456,0.9873417721518988,0.35891505466778806
0.46258485317230225,0.679667788057191,0.9873417721518988,0.35923044575273344
0.46297556161880493,0.68040370058873,0.9873417721518988,0.3599663582842725
0.46303075551986694,0.6808242220353238,0.9873417721518988,0.36038687973086625
0.46322184801101685,0.6815601345668629,0.9873417721518988,0.3611227922624054
0.4634545147418976,0.682296047098402,0.9873417721518988,0.36185870479394444
0.46378231048583984,0.6820857863751051,0.9873417721518988,0.36164844407064756
0.46406084299087524,0.6826114381833474,0.9873417721518988,0.3621740958788898
0.4644429385662079,0.6828216989066442,0.9873417721518988,0.3623843566021867
0.464838445186615,0.6836627417998318,0.9873417721518988,0.36322539949537425
0.46509844064712524,0.6845037846930193,0.9873417721518988,0.3640664423885618
0.4654192328453064,0.6850294365012616,0.9873417721518988,0.36459209419680405
0.46576330065727234,0.6857653490328006,0.9873417721518988,0.3653280067283431
0.4664919972419739,0.6875525651808242,0.9873417721518988,0.36711522287636666
0.46714866161346436,0.687973086627418,0.9873417721518988,0.36753574432296043
0.4673424959182739,0.6886038687973086,0.9873417721518988,0.3681665264928511
0.4675661325454712,0.6893397813288478,0.9873417721518988,0.36890243902439024
0.46786075830459595,0.6901808242220353,0.9873417721518988,0.3697434819175778
0.46801263093948364,0.6902859545836838,0.9873417721518988,0.3698486122792263
0.46825993061065674,0.6910218671152228,0.9873417721518988,0.3705845248107653
0.4684833288192749,0.6916526492851135,0.9873417721518988,0.37121530698065597
0.4685080051422119,0.6922834314550042,0.9873417721518988,0.3718460891505466
0.46864616870880127,0.6920731707317073,0.9873417721518988,0.37163582842724974
0.46893611550331116,0.691757779646762,0.9873417721518988,0.37132043734230447
0.46912628412246704,0.6921783010933558,0.9873417721518988,0.37174095878889823
0.4692104458808899,0.6925988225399495,0.9873417721518988,0.372161480235492
0.46928149461746216,0.6930193439865433,0.9873417721518988,0.3725820016820858
0.46950316429138184,0.6938603868797308,0.9873417721518988,0.3734230445752733
0.46975839138031006,0.6942809083263246,0.9873417721518988,0.3738435660218671
0.4700910747051239,0.6949116904962153,0.9873417721518988,0.37447434819175773
0.47049522399902344,0.6939655172413793,0.9873417721518988,0.3735281749369218
0.47085365653038025,0.6949116904962153,0.9873417721518988,0.37447434819175773
0.4711187481880188,0.6958578637510513,0.9873417721518988,0.37542052144659377
0.47125986218452454,0.6963835155592936,0.9873417721518988,0.37594617325483604
0.47155117988586426,0.6968040370058873,0.9873417721518988,0.3763666947014298
0.47196727991104126,0.6979604709840201,0.9873417721518988,0.3775231286795626
0.47286826372146606,0.6978553406223718,0.9873417721518988,0.3774179983179142
0.47354772686958313,0.6986963835155593,0.9873417721518988,0.37825904121110177
0.47356563806533813,0.6991169049621531,0.9873417721518988,0.37867956265769553
0.4736410677433014,0.6994322960470984,0.9873417721518988,0.3789949537426409
0.473724365234375,0.7001682085786375,0.9873417721518988,0.37973086627417996
0.4738694429397583,0.7001682085786375,0.989451476793249,0.37973086627417996
0.47413694858551025,0.7001682085786375,0.989451476793249,0.37973086627417996
0.4742846190929413,0.7004835996635829,0.989451476793249,0.38004625735912534
0.4743199348449707,0.7007989907485281,0.989451476793249,0.3803616484440706
0.4743673801422119,0.7012195121951219,0.989451476793249,0.3807821698906644
0.47440433502197266,0.7018502943650126,0.989451476793249,0.38141295206055503
0.4746035933494568,0.7023759461732548,0.989451476793249,0.3819386038687973
0.474878191947937,0.7029015979814971,0.989451476793249,0.38246425567703957
0.47506409883499146,0.703847771236333,0.989451476793249,0.3834104289318755
0.4755879044532776,0.7044785534062237,0.989451476793249,0.38404121110176614
0.47609782218933105,0.7054247266610597,0.989451476793249,0.3849873843566022
0.4761982560157776,0.7058452481076535,0.989451476793249,0.38540790580319595
0.4762587547302246,0.7067914213624895,0.989451476793249,0.386354079058032
0.4764949381351471,0.707632464255677,0.989451476793249,0.3871951219512195
0.4768363833427429,0.7086837678721615,0.989451476793249,0.38824642556770395
0.4769808053970337,0.7094196804037006,0.989451476793249,0.3889823380992431
0.477036714553833,0.7100504625735913,0.989451476793249,0.38961312026913375
0.47743064165115356,0.7100504625735913,0.989451476793249,0.38961312026913375
0.4779092073440552,0.7099453322119428,0.989451476793249,0.38950798990748525
0.47805649042129517,0.7094196804037006,0.989451476793249,0.3889823380992431
0.47806423902511597,0.7100504625735913,0.989451476793249,0.38961312026913375
0.4782993793487549,0.7102607232968882,0.989451476793249,0.38982338099243063
0.47853884100914,0.7108915054667788,0.989451476793249,0.3904541631623213
0.47855904698371887,0.7108915054667788,0.989451476793249,0.3904541631623213
0.4788021445274353,0.711627417998318,0.989451476793249,0.39119007569386044
0.479114830493927,0.7129941126997477,0.989451476793249,0.39255677039529013
0.4792094826698303,0.7129941126997477,0.989451476793249,0.39255677039529013
0.4792911410331726,0.7132043734230445,0.989451476793249,0.392767031118587
0.4795207977294922,0.7132043734230445,0.9915611814345991,0.392767031118587
0.4798397719860077,0.7140454163162321,0.9915611814345991,0.39360807401177456
0.48035937547683716,0.7146761984861227,0.9915611814345991,0.3942388561816652
0.4807645082473755,0.7153069806560135,0.9915611814345991,0.394869638351556
0.48081958293914795,0.7157275021026073,0.9915611814345991,0.39529015979814974
0.4810277223587036,0.7163582842724979,0.9915611814345991,0.3959209419680404
0.4813014268875122,0.7168839360807401,0.9915611814345991,0.39644659377628255
0.48143088817596436,0.7178301093355761,0.9915611814345991,0.3973927670311186
0.48187074065208435,0.7181455004205215,0.9915611814345991,0.39770815811606397
0.48233669996261597,0.7181455004205215,0.9915611814345991,0.39770815811606397
0.48305946588516235,0.7187762825904122,0.9915611814345991,0.3983389402859546
0.4837898313999176,0.7194070647603028,0.9915611814345991,0.3989697224558453
0.4838939309120178,0.7202481076534903,0.9915611814345991,0.3998107653490328
0.48393091559410095,0.720878889823381,0.9915611814345991,0.40044154751892347
0.4847490191459656,0.7214045416316233,0.9915611814345991,0.40096719932716574
0.48617541790008545,0.7220353238015139,0.9915611814345991,0.4015979814970564
0.4868062734603882,0.7224558452481077,0.9915611814345991,0.40201850294365016
0.48731279373168945,0.7230866274179983,0.9915611814345991,0.4026492851135408
0.48787063360214233,0.7240328006728343,0.9915611814345991,0.40359545836837674
0.4879501760005951,0.7242430613961311,0.9915611814345991,0.4038057190916736
0.48799893260002136,0.7252943650126157,0.9915611814345991,0.40485702270815815
0.48817795515060425,0.7255046257359126,0.9915611814345991,0.40506728343145504
0.4884709417819977,0.7259251471825063,0.9915611814345991,0.4054878048780488
0.48903608322143555,0.7259251471825063,0.9915611814345991,0.4054878048780488
0.4895959794521332,0.7263456686291001,0.9915611814345991,0.4059083263246426
0.48978155851364136,0.7263456686291001,0.9915611814345991,0.4059083263246426
0.4899563193321228,0.727291841883936,0.9915611814345991,0.4068544995794785
0.49018770456314087,0.7271867115222876,0.9915611814345991,0.4067493692178301
0.4903438985347748,0.7271867115222876,0.9915611814345991,0.4067493692178301
0.490800678730011,0.7277123633305299,0.9915611814345991,0.4072750210260724
0.49130475521087646,0.7285534062237174,0.9915611814345991,0.4081160639192599
0.4915504455566406,0.7287636669470143,0.9915611814345991,0.4083263246425568
0.4923665523529053,0.7308662741799832,0.9915611814345991,0.41042893187552565
0.4930533766746521,0.7317073170731707,0.9915611814345991,0.4112699747687132
0.49336376786231995,0.7339150546677881,0.9915611814345991,0.41347771236333053
0.49378082156181335,0.7347560975609756,0.9915611814345991,0.41431875525651807
0.49393415451049805,0.7343355761143818,0.9915611814345991,0.4138982338099243
0.494140088558197,0.7355971404541631,0.9915611814345991,0.4151597981497056
0.49432671070098877,0.7363330529857023,0.9915611814345991,0.41589571068124476
0.49442780017852783,0.7364381833473507,0.9915611814345991,0.41600084104289314
0.49473661184310913,0.7362279226240538,0.9915611814345991,0.41579058031959626
0.4950120449066162,0.7368587047939444,0.9915611814345991,0.4164213624894869
0.49523675441741943,0.7365433137089992,0.9915611814345991,0.41610597140454164
0.4956914782524109,0.7371740958788898,0.9915611814345991,0.4167367535744323
0.4961373507976532,0.7380151387720774,0.9915611814345991,0.41757779646761983
0.4970630407333374,0.7387510513036165,0.9915611814345991,0.418313708999159
0.4980052411556244,0.7388561816652649,0.9915611814345991,0.41841883936080737
0.49821215867996216,0.7398023549201009,0.9915611814345991,0.4193650126156434
0.4984469711780548,0.7402228763666947,0.9915611814345991,0.4197855340622372
0.49889010190963745,0.7408536585365854,0.9915611814345991,0.42041631623212783
0.4992704689502716,0.7419049621530698,0.9915611814345991,0.42146761984861225
0.4994378089904785,0.7425357443229604,0.9915611814345991,0.4220984020185029
0.49972671270370483,0.7423254835996635,0.9915611814345991,0.421888141295206
0.5002616047859192,0.743376787216148,0.9915611814345991,0.42293944491169044
0.5005751252174377,0.7432716568544996,0.9915611814345991,0.42283431455004206
0.500659704208374,0.7430613961312027,0.9915611814345991,0.42262405382674517
0.5007392168045044,0.7436921783010934,0.9915611814345991,0.4232548359966358
0.5008558630943298,0.7446383515559294,0.9915611814345991,0.42420100925147186
0.5010138750076294,0.7451640033641715,0.9915611814345991,0.424726661059714
0.5011253356933594,0.7458999158957107,0.9915611814345991,0.42546257359125317
0.5011699199676514,0.746215306980656,0.9915611814345991,0.42577796467619844
0.5011866092681885,0.7468460891505467,0.9915611814345991,0.4264087468460892
0.5014047622680664,0.7474768713204374,0.9915611814345991,0.42703952901597986
0.5016396045684814,0.7485281749369218,0.9915611814345991,0.4280908326324643
0.5016895532608032,0.7494743481917577,0.9915611814345991,0.4290370058873002
0.5017921328544617,0.7501051303616485,0.9915611814345991,0.42966778805719097
0.5020685195922852,0.7517872161480236,0.9915611814345991,0.43134987384356605
0.5024544596672058,0.7526282590412111,0.9915611814345991,0.4321909167367536
0.5026896595954895,0.7530487804878049,0.9915611814345991,0.43261143818334735
0.5028113126754761,0.7539949537426409,0.9915611814345991,0.4335576114381834
0.5031494498252869,0.7545206055508831,0.9915611814345991,0.43408326324642554
0.503500759601593,0.7549411269974768,0.9915611814345991,0.4345037846930193
0.5037252306938171,0.7548359966358285,0.9915611814345991,0.4343986543313709
0.5040066242218018,0.7551513877207737,0.9915611814345991,0.4347140454163162
0.5043683052062988,0.7554667788057191,0.9915611814345991,0.4350294365012616
0.5047827363014221,0.7558873002523129,0.9915611814345991,0.43544995794785535
0.5049878358840942,0.7565180824222035,0.9915611814345991,0.436080740117746
0.5051027536392212,0.7571488645920942,0.9915611814345991,0.43671152228763666
0.5056005716323853,0.7580950378469302,0.9915611814345991,0.4376576955424727
0.5063372850418091,0.7588309503784693,0.9915611814345991,0.43839360807401173
0.5068137645721436,0.7594617325483599,0.9915611814345991,0.4390243902439024
0.5070098638534546,0.7603027754415476,0.9915611814345991,0.43986543313709003
0.5073359608650208,0.7606181665264928,0.9915611814345991,0.4401808242220353
0.5076229572296143,0.7623002523128679,0.9915611814345991,0.4418629100084104
0.5079673528671265,0.7624053826745164,0.9915611814345991,0.4419680403700589
0.5083522796630859,0.7630361648444071,0.9915611814345991,0.44259882253994953
0.5084607601165771,0.7634566862910008,0.9915611814345991,0.4430193439865433
0.5085684657096863,0.7644028595458369,0.9915611814345991,0.44396551724137934
0.5088257789611816,0.7652439024390244,0.9915611814345991,0.4448065601345669
0.5090339779853821,0.7652439024390244,0.9936708860759493,0.4448065601345669
0.50910484790802,0.7656644238856182,0.9936708860759493,0.44522708158116064
0.5092733502388,0.767031118587048,0.9936708860759493,0.44659377628259045
0.5094961524009705,0.767031118587048,0.9936708860759493,0.44659377628259045
0.5097202062606812,0.7676619007569386,0.9936708860759493,0.4472245584524811
0.5098451375961304,0.7678721614802355,0.9936708860759493,0.447434819175778
0.5098587870597839,0.7682926829268293,0.9936708860759493,0.44785534062237176
0.5099073648452759,0.7691337258200168,0.9936708860759493,0.4486963835155593
0.5099936723709106,0.770605550883095,0.9936708860759493,0.4501682085786375
0.5100921392440796,0.7714465937762826,0.9936708860759493,0.451009251471825
0.5103064775466919,0.7717619848612279,0.9936708860759493,0.4513246425567704
0.5104736089706421,0.772708158116064,0.9936708860759493,0.45227081581160644
0.5105208158493042,0.7746005046257359,0.9936708860759493,0.4541631623212784
0.5106731057167053,0.7750210260723297,0.9936708860759493,0.45458368376787217
0.51080322265625,0.7750210260723297,0.9936708860759493,0.45458368376787217
0.5108730792999268,0.7759671993271657,0.9936708860759493,0.4555298570227082
0.5109926462173462,0.7765979814970564,0.9936708860759493,0.45616063919259886
0.5111139416694641,0.7769133725820017,0.9936708860759493,0.45647603027754413
0.5114604830741882,0.7776492851135408,0.9936708860759493,0.4572119428090833
0.5120242834091187,0.7780698065601346,0.9936708860759493,0.45763246425567705
0.5123610496520996,0.7792262405382675,0.9936708860759493,0.45878889823380997
0.5126354098320007,0.7792262405382675,0.9936708860759493,0.45878889823380997
0.5132039785385132,0.7790159798149706,0.9936708860759493,0.4585786375105131
0.5136253833770752,0.7794365012615644,0.9936708860759493,0.45899915895710686
0.5138441920280457,0.7804878048780488,0.9936708860759493,0.4600504625735913
0.5142379403114319,0.7811185870479395,0.9936708860759493,0.46068124474348193
0.5145306587219238,0.7811185870479395,0.9957805907172996,0.46068124474348193
0.514617383480072,0.7817493692178301,0.9957805907172996,0.4613120269133726
0.5147011280059814,0.7822750210260724,0.9957805907172996,0.46183767872161485
0.5152815580368042,0.7820647603027755,0.9957805907172996,0.46162741799831797
0.5158560276031494,0.7824852817493693,0.9957805907172996,0.46204793944491174
0.5159765481948853,0.782905803195963,0.9957805907172996,0.4624684608915055
0.5162297487258911,0.7837468460891506,0.9957805907172996,0.46330950378469304
0.516568660736084,0.7841673675357443,0.9957805907172996,0.4637300252312868
0.5167299509048462,0.7850084104289319,0.9957805907172996,0.46457106812447435
0.5169270038604736,0.7860597140454163,0.9957805907172996,0.4656223717409588
0.5173488855361938,0.7884777123633305,0.9957805907172996,0.468040370058873
0.5178065299987793,0.7890033641715728,0.9957805907172996,0.46856602186711527
0.5181785821914673,0.789529015979815,0.9957805907172996,0.4690916736753574
0.5183531641960144,0.7900546677880572,0.9957805907172996,0.4696173254835997
0.5185350775718689,0.7898444070647603,0.9957805907172996,0.4694070647603028
0.519148588180542,0.7898444070647603,0.9978902953586498,0.4694070647603028
0.5197047591209412,0.7913162321278385,0.9978902953586498,0.470878889823381
0.5203299522399902,0.7918418839360808,0.9978902953586498,0.47140454163162326
0.521094560623169,0.792367535744323,0.9978902953586498,0.4719301934398654
0.5215062499046326,0.7935239697224559,0.9978902953586498,0.47308662741799834
0.5217022895812988,0.7939444911690496,0.9978902953586498,0.4735071488645921
0.5220623016357422,0.7948906644238857,0.9978902953586498,0.47445332211942814
0.5224139094352722,0.7944701429772918,0.9978902953586498,0.47403280067283426
0.5228208899497986,0.7948906644238857,0.9978902953586498,0.47445332211942814
0.5235453844070435,0.7948906644238857,0.9978902953586498,0.47445332211942814
0.5241813659667969,0.7958368376787216,0.9978902953586498,0.47539949537426407
0.5245065689086914,0.7962573591253154,0.9978902953586498,0.47582001682085784
0.524535596370697,0.796888141295206,0.9978902953586498,0.4764507989907485
0.5246292352676392,0.7967830109335576,0.9978902953586498,0.4763456686291001
0.5248039364814758,0.7976240538267452,0.9978902953586498,0.47718671152228764
0.5249543190002441,0.7980445752733389,0.9978902953586498,0.4776072329688814
0.5250574946403503,0.7975189234650967,0.9978902953586498,0.47708158116063915
0.5251364707946777,0.7979394449116904,0.9978902953586498,0.4775021026072329
0.5255421996116638,0.7984650967199327,0.9978902953586498,0.4780277544154752
0.5259366035461426,0.7981497056349874,0.9978902953586498,0.4777123633305299
0.5259889364242554,0.7981497056349874,0.9978902953586498,0.4777123633305299
0.5260617733001709,0.7987804878048781,0.9978902953586498,0.47834314550042056
0.5261523723602295,0.798990748528175,0.9978902953586498,0.47855340622371745
0.526280403137207,0.7987804878048781,0.9978902953586498,0.47834314550042056
0.5264465808868408,0.7994112699747687,0.9978902953586498,0.4789739276703112
0.5265896320343018,0.8015138772077376,0.9978902953586498,0.48107653490328006
0.5268312692642212,0.8016190075693861,0.9978902953586498,0.48118166526492856
0.5271904468536377,0.8021446593776282,0.9978902953586498,0.4817073170731707
0.5274012684822083,0.8029857022708158,0.9978902953586498,0.48254835996635825
0.5275492668151855,0.8036164844407064,0.9978902953586498,0.4831791421362489
0.5277330875396729,0.8038267451640033,0.9978902953586498,0.4833894028595458
0.5278849005699158,0.8047729184188394,0.9978902953586498,0.4843355761143818
0.5280696153640747,0.8047729184188394,0.9978902953586498,0.4843355761143818
0.5282542705535889,0.8047729184188394,1.0,0.4843355761143818
0.5290466547012329,0.8052985702270816,1.0,0.4848612279226241
0.5299819111824036,0.8059293523969723,1.0,0.48549201009251475
0.5302239656448364,0.8064550042052144,1.0,0.4860176619007569
0.5304622650146484,0.8067703952901598,1.0,0.4863330529857023
0.5306867361068726,0.8084524810765349,1.0,0.48801513877207736
0.5311658382415771,0.8087678721614803,1.0,0.48833052985702274
0.5316753387451172,0.8095037846930193,1.0,0.4890664423885618
0.5318719744682312,0.8115012615643398,1.0,0.49106391925988224
0.5320972204208374,0.8118166526492852,1.0,0.4913793103448276
0.5325229167938232,0.8124474348191758,1.0,0.4920100925147183
0.5334558486938477,0.8128679562657696,1.0,0.49243061396131205
0.5340861082077026,0.813919259882254,1.0,0.49348191757779647
0.5342578291893005,0.8144449116904963,1.0,0.49400756938603874
0.5345874428749084,0.81486543313709,1.0,0.4944280908326325
0.5348098278045654,0.8157064760302776,1.0,0.49526913372582004
0.5350754857063293,0.8152859545836838,1.0,0.4948486122792263
0.5356656908988953,0.8157064760302776,1.0,0.49526913372582004
0.5360392332077026,0.8157064760302776,1.0,0.49526913372582004
0.5361722707748413,0.8159167367535745,1.0,0.4954793944491169
0.5362614989280701,0.8169680403700589,1.0,0.49653069806560135
0.5363911390304565,0.8166526492851135,1.0,0.49621530698065597
0.5367352962493896,0.8172834314550042,1.0,0.4968460891505466
0.537063717842102,0.8180193439865433,1.0,0.4975820016820858
0.5371909141540527,0.8183347350714887,1.0,0.49789739276703116
0.53737473487854,0.8193860386879731,1.0,0.4989486963835156
0.5378516912460327,0.8199116904962153,1.0,0.49947434819175773
0.5381807088851929,0.8199116904962153,1.0,0.49947434819175773
0.5384747982025146,0.8209629941126998,1.0,0.5005256518082423
0.5389953851699829,0.8221194280908326,1.0,0.5016820857863751
0.539366602897644,0.8233809924306139,1.0,0.5029436501261564
0.5397894382476807,0.8238015138772078,1.0,0.5033641715727503
0.5401953458786011,0.82432716568545,1.0,0.5038898233809924
0.5403119921684265,0.8250630782169891,1.0,0.5046257359125316
0.5403245687484741,0.8257989907485281,1.0,0.5053616484440706
0.5406351089477539,0.8264297729184188,1.0,0.5059924306139613
0.5409646034240723,0.8273759461732548,1.0,0.5069386038687973
0.5412549376487732,0.8280067283431455,1.0,0.507569386038688
0.5415300130844116,0.8291631623212784,1.0,0.5087258200168209
0.5417178273200989,0.829793944491169,1.0,0.5093566021867115
0.5419008731842041,0.8304247266610597,1.0,0.5099873843566022
0.5419186353683472,0.830950378469302,1.0,0.5105130361648444
0.5420716404914856,0.8317914213624895,1.0,0.511354079058032
0.5423085689544678,0.8317914213624895,1.0,0.511354079058032
0.5424537062644958,0.832632464255677,1.0,0.5121951219512195
0.5426026582717896,0.8331581160639192,1.0,0.5127207737594617
0.5427883863449097,0.8331581160639192,1.0,0.5127207737594617
0.5431200265884399,0.8334735071488646,1.0,0.5130361648444071
0.543584406375885,0.8344196804037006,1.0,0.5139823380992431
0.5438587665557861,0.8353658536585366,1.0,0.514928511354079
0.5442522168159485,0.8356812447434819,1.0,0.5152439024390244
0.5447962880134583,0.8358915054667788,1.0,0.5154541631623213
0.5452108383178711,0.8369428090832632,1.0,0.5165054667788057
0.5454636812210083,0.8377838519764508,1.0,0.5173465096719932
0.5459072589874268,0.837363330529857,1.0,0.5169259882253995
0.5463248491287231,0.8380992430613962,1.0,0.5176619007569386
0.5467253923416138,0.8390454163162321,1.0,0.5186080740117746
0.5472267866134644,0.8413582842724979,1.0,0.5209209419680404
0.5474306344985962,0.843040370058873,1.0,0.5226030277544155
0.547561526298523,0.8441968040370059,1.0,0.5237594617325484
0.5477059483528137,0.8451429772918418,1.0,0.5247056349873843
0.5484116077423096,0.8455634987384356,1.0,0.5251261564339781
0.5490250587463379,0.8460891505466779,1.0,0.5256518082422204
0.5491106510162354,0.8455634987384356,1.0,0.5251261564339781
0.549284815788269,0.8456686291000841,1.0,0.5252312867956266
0.5500668287277222,0.8460891505466779,1.0,0.5256518082422204
0.5508629083633423,0.8460891505466779,1.0,0.5256518082422204
0.5512465238571167,0.8465096719932717,1.0,0.5260723296888141
0.5516828298568726,0.8470353238015139,1.0,0.5265979814970564
0.5519523620605469,0.8470353238015139,1.0,0.5265979814970564
0.5520867705345154,0.8466148023549201,1.0,0.5261774600504626
0.5522083640098572,0.8472455845248108,1.0,0.5268082422203533
0.5526611804962158,0.8480866274179983,1.0,0.5276492851135408
0.5531044006347656,0.8480866274179983,1.0,0.5276492851135408
0.5535703897476196,0.8485071488645921,1.0,0.5280698065601346
0.5540873408317566,0.8492430613961311,1.0,0.5288057190916736
0.5544366240501404,0.8495584524810765,1.0,0.529121110176619
0.5548989772796631,0.8505046257359126,1.0,0.530067283431455
0.5552530288696289,0.8510302775441547,1.0,0.5305929352396972
0.5557388067245483,0.851555929352397,1.0,0.5311185870479395
0.5562684535980225,0.8519764507989908,1.0,0.5315391084945332
0.556438684463501,0.8521867115222876,1.0,0.5317493692178301
0.5566025972366333,0.8532380151387721,1.0,0.5328006728343145
0.556812047958374,0.8537636669470143,1.0,0.5333263246425568
0.5570017695426941,0.854394449116905,1.0,0.5339571068124475
0.5573477745056152,0.855130361648444,1.0,0.5346930193439865
0.5576003789901733,0.8548149705634988,1.0,0.5343776282590412
0.5576950311660767,0.8558662741799832,1.0,0.5354289318755256
0.5578224658966064,0.8558662741799832,1.0,0.5354289318755256
0.55812007188797,0.8558662741799832,1.0,0.5354289318755256
0.5584748387336731,0.8567073170731707,1.0,0.5362699747687132
0.558598518371582,0.8571278385197645,1.0,0.536690496215307
0.5588494539260864,0.8575483599663583,1.0,0.5371110176619007
0.5590943098068237,0.8581791421362489,1.0,0.5377417998317914
0.5591478943824768,0.857968881412952,1.0,0.5375315391084945
0.5596189498901367,0.857968881412952,1.0,0.5375315391084945
0.5602611899375916,0.8585996635828427,1.0,0.5381623212783851
0.5605369806289673,0.8588099243061396,1.0,0.538372582001682
0.5606048107147217,0.8594407064760303,1.0,0.5390033641715728
0.5606802701950073,0.8594407064760303,1.0,0.5390033641715728
0.5610395669937134,0.8602817493692179,1.0,0.5398444070647603
0.5613743662834167,0.8609125315391085,1.0,0.540475189234651
0.5615324974060059,0.8616484440706476,1.0,0.54121110176619
0.5617835521697998,0.8622792262405383,1.0,0.5418418839360808
0.5621494650840759,0.862910008410429,1.0,0.5424726661059714
0.5627243518829346,0.8637510513036165,1.0,0.543313708999159
0.56337970495224,0.8651177460050462,1.0,0.5446804037005887
0.5636980533599854,0.8653280067283431,1.0,0.5448906644238856
0.5639748573303223,0.8653280067283431,1.0,0.5448906644238856
0.564257025718689,0.8663793103448276,1.0,0.5459419680403701
0.5645443201065063,0.8669049621530698,1.0,0.5464676198486123
0.5653963088989258,0.8677460050462573,1.0,0.5473086627417998
0.5660133361816406,0.8678511354079058,1.0,0.5474137931034483
0.5663669109344482,0.8682716568544996,1.0,0.5478343145500421
0.5674816370010376,0.8687973086627419,1.0,0.5483599663582843
0.568357527256012,0.8692178301093356,1.0,0.5487804878048781
0.5685111284255981,0.8699537426408747,1.0,0.5495164003364171
0.568606972694397,0.8707947855340622,1.0,0.5503574432296047
0.568634569644928,0.8716358284272497,1.0,0.5511984861227922
0.5689100623130798,0.872161480235492,1.0,0.5517241379310345
0.5692604780197144,0.873107653490328,1.0,0.5526703111858705
0.5694217681884766,0.8742640874684608,1.0,0.5538267451640033
0.5696779489517212,0.8745794785534062,1.0,0.5541421362489487
0.5702526569366455,0.875946173254836,1.0,0.5555088309503785
0.5709517002105713,0.8765769554247267,1.0,0.5561396131202692
0.5713348388671875,0.8772077375946173,1.0,0.5567703952901598
0.5718920230865479,0.8779436501261564,1.0,0.5575063078216989
0.5725342035293579,0.8788898233809924,1.0,0.5584524810765349
0.5727921724319458,0.8786795626576955,1.0,0.558242220353238
0.573077380657196,0.8791000841042893,1.0,0.5586627417998318
0.5732994079589844,0.8807821698906644,1.0,0.5603448275862069
0.5740054249763489,0.8813078216989066,1.0,0.5608704793944491
0.5749434232711792,0.8819386038687973,1.0,0.5615012615643398
0.5753027200698853,0.8821488645920942,1.0,0.5617115222876367
0.5756068229675293,0.8820437342304458,1.0,0.5616063919259883
0.5759545564651489,0.8829899074852817,1.0,0.5625525651808242
0.576208770275116,0.8832001682085786,1.0,0.5627628259041211
0.5764882564544678,0.8837258200168209,1.0,0.5632884777123633
0.5766891241073608,0.8833052985702271,1.0,0.5628679562657696
0.5769898891448975,0.8838309503784693,1.0,0.5633936080740117
0.5772933959960938,0.884251471825063,1.0,0.5638141295206055
0.577446699142456,0.8849873843566022,1.0,0.5645500420521447
0.5776838064193726,0.8857232968881413,1.0,0.5652859545836838
0.5791574716567993,0.8864592094196804,1.0,0.5660218671152228
0.5805330872535706,0.8873002523128679,1.0,0.5668629100084104
0.5813730955123901,0.8878259041211102,1.0,0.5673885618166526
0.582298755645752,0.8883515559293524,1.0,0.5679142136248949
0.5826431512832642,0.8906644238856182,1.0,0.5702270815811606
0.5833576917648315,0.8907695542472666,1.0,0.570332211942809
0.5843507051467896,0.8911900756938604,1.0,0.5707527333894029
0.5849927663803101,0.8919259882253995,1.0,0.571488645920942
0.5851538181304932,0.8928721614802355,1.0,0.572434819175778
0.5853760242462158,0.8938183347350714,1.0,0.5733809924306139
0.5856919288635254,0.8946593776282591,1.0,0.5742220353238016
0.586328387260437,0.8957106812447435,1.0,0.575273338940286
0.5871443748474121,0.8964465937762826,1.0,0.576009251471825
0.5879594087600708,0.8969722455845248,1.0,0.5765349032800673
0.5885056257247925,0.8976030277544155,1.0,0.5771656854499579
0.589111864566803,0.8985492010092515,1.0,0.578111858704794
0.5899456739425659,0.8989697224558453,1.0,0.5785323801513877
0.5904815196990967,0.9000210260723297,1.0,0.5795836837678722
0.5909883379936218,0.9005466778805719,1.0,0.5801093355761143
0.5915464758872986,0.9007569386038689,1.0,0.5803195962994113
0.5920334458351135,0.901282590412111,1.0,0.5808452481076535
0.592302680015564,0.9019133725820017,1.0,0.5814760302775441
0.5925931334495544,0.9025441547518923,1.0,0.5821068124474348
0.5932199954986572,0.9029646761984861,1.0,0.5825273338940286
0.5937681198120117,0.9034903280067283,1.0,0.5830529857022708
0.5939527153968811,0.903174936921783,1.0,0.5827375946173254
0.5944285988807678,0.9038057190916736,1.0,0.5833683767872161
0.595771074295044,0.9044365012615644,1.0,0.5839991589571069
0.5976060628890991,0.9043313708999159,1.0,0.5838940285954584
0.5985112190246582,0.9048570227081582,1.0,0.5844196804037006
0.5988389849662781,0.9048570227081582,1.0,0.5844196804037006
0.5993040800094604,0.9056980656013457,1.0,0.5852607232968882
0.5997058153152466,0.9061185870479395,1.0,0.5856812447434819
0.5999964475631714,0.906959629941127,1.0,0.5865222876366695
0.6003389358520508,0.908851976450799,1.0,0.5884146341463414
0.600780725479126,0.9092724978973927,1.0,0.5888351555929352
0.6011300683021545,0.9094827586206896,1.0,0.5890454163162321
0.601738691329956,0.9104289318755256,1.0,0.5899915895710681
0.6021590828895569,0.9113751051303617,1.0,0.5909377628259042
0.6022728085517883,0.9120058873002523,1.0,0.5915685449957948
0.6023932695388794,0.9141084945332212,1.0,0.5936711522287637
0.6027437448501587,0.9150546677880572,1.0,0.5946173254835997
0.6034936904907227,0.915475189234651,1.0,0.5950378469301935
0.6043241620063782,0.9158957106812448,1.0,0.5954583683767872
0.6047616600990295,0.9156854499579479,1.0,0.5952481076534903
0.6048800945281982,0.9167367535744323,1.0,0.5962994112699748
0.6050825119018555,0.9174726661059714,1.0,0.5970353238015139
0.6052308082580566,0.918313708999159,1.0,0.5978763666947015
0.6054786443710327,0.9189444911690496,1.0,0.5985071488645921
0.6062657833099365,0.9197855340622372,1.0,0.5993481917577796
0.607306957244873,0.9208368376787216,1.0,0.6003994953742641
0.6078140735626221,0.9214676198486123,1.0,0.6010302775441547
0.6078609228134155,0.9225189234650967,1.0,0.6020815811606391
0.607954204082489,0.9223086627417998,1.0,0.6018713204373423
0.6081148982048035,0.9228343145500421,1.0,0.6023969722455845
0.6086432933807373,0.9237804878048781,1.0,0.6033431455004206
0.6091361045837402,0.9237804878048781,1.0,0.6033431455004206
0.6091773509979248,0.924726661059714,1.0,0.6042893187552565
0.6093693971633911,0.9254625735912532,1.0,0.6050252312867956
0.6096152067184448,0.9254625735912532,1.0,0.6050252312867956
0.6097087264060974,0.9254625735912532,1.0,0.6050252312867956
0.6097696423530579,0.9270395290159799,1.0,0.6066021867115223
0.6098619699478149,0.9274600504625736,1.0,0.6070227081581161
0.6101163029670715,0.9274600504625736,1.0,0.6070227081581161
0.6106387972831726,0.9279857022708158,1.0,0.6075483599663583
0.6110018491744995,0.929457527333894,1.0,0.6090201850294364
0.6113231778144836,0.929457527333894,1.0,0.6090201850294364
0.6124469041824341,0.9299831791421362,1.0,0.6095458368376787
0.6132856011390686,0.9299831791421362,1.0,0.6095458368376787
0.613499641418457,0.9308242220353238,1.0,0.6103868797308662
0.6139770150184631,0.931349873843566,1.0,0.6109125315391085
0.6143031120300293,0.9314550042052144,1.0,0.6110176619007569
0.6144028306007385,0.932296047098402,1.0,0.6118587047939444
0.6149781942367554,0.9329268292682927,1.0,0.6124894869638352
0.6159656047821045,0.9335576114381834,1.0,0.6131202691337259
0.6167614459991455,0.934188393608074,1.0,0.6137510513036165
0.6172047257423401,0.93513456686291,1.0,0.6146972245584524
0.6174707412719727,0.93513456686291,1.0,0.6146972245584524
0.6180717945098877,0.9357653490328006,1.0,0.6153280067283431
0.6197572350502014,0.93513456686291,1.0,0.6146972245584524
0.6212505102157593,0.9367115222876367,1.0,0.6162741799831791
0.6226372718811035,0.937973086627418,1.0,0.6175357443229604
0.6239767074584961,0.9390243902439024,1.0,0.6185870479394449
0.6243730783462524,0.9394449116904963,1.0,0.6190075693860387
0.6248952150344849,0.9392346509671994,1.0,0.6187973086627419
0.6253238916397095,0.9400756938603869,1.0,0.6196383515559294
0.6263406872749329,0.9400756938603869,1.0,0.6196383515559294
0.6273868083953857,0.93986543313709,1.0,0.6194280908326325
0.6281504034996033,0.9403910849453322,1.0,0.6199537426408747
0.6300017237663269,0.9412321278385197,1.0,0.6207947855340622
0.631549596786499,0.941757779646762,1.0,0.6213204373423045
0.6320912837982178,0.9443860386879731,1.0,0.6239486963835156
0.632485568523407,0.9450168208578638,1.0,0.6245794785534062
0.6329059600830078,0.946488645920942,1.0,0.6260513036164844
0.6332307457923889,0.9471194280908326,1.0,0.6266820857863751
0.6334731578826904,0.9479604709840201,1.0,0.6275231286795626
0.6337002515792847,0.9475399495374264,1.0,0.6271026072329688
0.6339918375015259,0.9469091673675357,1.0,0.6264718250630782
0.634461522102356,0.9473296888141295,1.0,0.626892346509672
0.634815514087677,0.9477502102607233,1.0,0.6273128679562657
0.6353932619094849,0.9488015138772078,1.0,0.6283641715727503
0.6362058520317078,0.9497476871320437,1.0,0.6293103448275862
0.6368498206138611,0.9505887300252313,1.0,0.6301513877207737
0.6372411251068115,0.9503784693019344,1.0,0.6299411269974768
0.6374157667160034,0.9506938603868798,1.0,0.6302565180824222
0.6383203268051147,0.9503784693019344,1.0,0.6299411269974768
0.6391464471817017,0.9509041211101766,1.0,0.6304667788057191
0.6393015384674072,0.9506938603868798,1.0,0.6302565180824222
0.6399707794189453,0.9514297729184188,1.0,0.6309924306139613
0.641059398651123,0.9518502943650126,1.0,0.631412952060555
0.6417940855026245,0.9532169890664424,1.0,0.6327796467619848
0.6420845985412598,0.9541631623212784,1.0,0.6337258200168209
0.6424647569656372,0.954793944491169,1.0,0.6343566021867115
0.6433175206184387,0.9558452481076535,1.0,0.635407905803196
0.6446774005889893,0.9568965517241379,1.0,0.6364592094196804
0.6454737186431885,0.9577375946173254,1.0,0.6373002523128679
0.6469926834106445,0.9611017661900757,1.0,0.6406644238856182
0.6485692858695984,0.9617325483599664,1.0,0.6412952060555088
0.6488974094390869,0.9625735912531539,1.0,0.6421362489486964
0.6497313976287842,0.964255677039529,1.0,0.6438183347350714
0.6504517793655396,0.9640454163162321,1.0,0.6436080740117746
0.6506965160369873,0.9638351555929352,1.0,0.6433978132884777
0.6518244743347168,0.9638351555929352,1.0,0.6433978132884777
0.6530880928039551,0.9644659377628259,1.0,0.6440285954583683
0.6533538103103638,0.9650967199327166,1.0,0.6446593776282591
0.6538646221160889,0.9644659377628259,1.0,0.6440285954583683
0.6547321081161499,0.9660428931875525,1.0,0.645605550883095
0.6551173329353333,0.9668839360807401,1.0,0.6464465937762826
0.6558415293693542,0.9677249789739276,1.0,0.6472876366694701
0.6565836071968079,0.9681455004205215,1.0,0.647708158116064
0.657323956489563,0.968986543313709,1.0,0.6485492010092515
0.6580996513366699,0.9712994112699748,1.0,0.6508620689655172
0.6588985919952393,0.9716148023549201,1.0,0.6511774600504626
0.6597910523414612,0.9724558452481077,1.0,0.6520185029436502
0.6605296730995178,0.9730866274179983,1.0,0.6526492851135408
0.6611115336418152,0.9725609756097561,1.0,0.6521236333052985
0.6619567275047302,0.9717199327165685,1.0,0.651282590412111
0.6630201935768127,0.9717199327165685,1.0,0.651282590412111
0.6643892526626587,0.9715096719932717,1.0,0.6510723296888141
0.6657304167747498,0.9707737594617325,1.0,0.650336417157275
0.6671398282051086,0.9712994112699748,1.0,0.6508620689655172
0.6685264110565186,0.9730866274179983,1.0,0.6526492851135408
0.6693329811096191,0.9736122792262405,1.0,0.653174936921783
0.6710195541381836,0.9769764507989908,1.0,0.6565391084945332
0.6722351908683777,0.976555929352397,1.0,0.6561185870479395
0.6726905703544617,0.9769764507989908,1.0,0.6565391084945332
0.6731805801391602,0.9778174936921783,1.0,0.6573801513877208
0.6734178066253662,0.9776072329688814,1.0,0.6571698906644239
0.6749721169471741,0.9788687973086627,1.0,0.6584314550042052
0.6765658259391785,0.9792893187552565,1.0,0.658851976450799
0.6770843267440796,0.9788687973086627,1.0,0.6584314550042052
0.6777234077453613,0.9783431455004206,1.0,0.657905803195963
0.6780164241790771,0.9779226240538268,1.0,0.6574852817493693
0.6783027648925781,0.9776072329688814,1.0,0.6571698906644239
0.6786579489707947,0.9775021026072329,1.0,0.6570647603027754
0.679146409034729,0.9779226240538268,1.0,0.6574852817493693
0.6798396110534668,0.9790790580319596,1.0,0.6586417157275021
0.68045574426651,0.9794995794785534,1.0,0.6590622371740958
0.6811258792877197,0.9794995794785534,1.0,0.6590622371740958
0.6822338104248047,0.9794995794785534,1.0,0.6590622371740958
0.6832234859466553,0.9787636669470143,1.0,0.6583263246425568
0.684025764465332,0.9791841883936081,1.0,0.6587468460891506
0.6850286722183228,0.9798149705634988,1.0,0.6593776282590412
0.6861916780471802,0.9842304457527334,1.0,0.6637931034482759
0.6871761679649353,0.9848612279226241,1.0,0.6644238856181666
0.6884214878082275,0.9855971404541631,1.0,0.6651597981497056
0.6893998980522156,0.9862279226240538,1.0,0.6657905803195963
0.6921429634094238,0.9870689655172413,1.0,0.6666316232127838
0.6961489915847778,0.9891715727502103,1.0,0.6687342304457528
0.6996713280677795,0.9889613120269134,1.0,0.6685239697224559
0.701977014541626,0.9898023549201009,1.0,0.6693650126156434
0.702690064907074,0.9898023549201009,1.0,0.6693650126156434
0.7036973237991333,0.9904331370899916,1.0,0.6699957947855341
0.7046538591384888,0.9910639192598822,1.0,0.6706265769554247
0.7066118717193604,0.9910639192598822,1.0,0.6706265769554247
0.708236575126648,0.9910639192598822,1.0,0.6706265769554247
0.7084689140319824,0.9910639192598822,1.0,0.6706265769554247
0.7088653445243835,0.9917998317914214,1.0,0.6713624894869639
0.7103175520896912,0.9916947014297729,1.0,0.6712573591253154
0.712529718875885,0.9928511354079058,1.0,0.6724137931034483
0.7151108980178833,0.9936921783010934,1.0,0.6732548359966358
0.7168862223625183,0.9939024390243902,1.0,0.6734650967199327
0.7176764607429504,0.9944280908326325,1.0,0.673990748528175
0.7193659543991089,0.9950588730025232,1.0,0.6746215306980656
0.7213956117630005,0.9950588730025232,1.0,0.6746215306980656
0.7223823070526123,0.996215306980656,1.0,0.6757779646761984
0.7229825258255005,0.9968460891505467,1.0,0.6764087468460892
0.7245835065841675,0.9975820016820858,1.0,0.6771446593776282
0.7266878485679626,0.9980025231286795,1.0,0.677565180824222
0.7293916344642639,0.9985281749369218,1.0,0.6780908326324643
0.7376249432563782,0.9994743481917577,1.0,0.6790370058873002
0.7579641342163086,1.0004205214465938,1.0,0.6799831791421362
1.1,1.0,1.0,0.6795626576955425
