threshold,CER,RR,CER_change
-0.001,0.32043734230445753,0.0,0.0
2.0051970500700733e-11,0.32043734230445753,0.002109704641350211,0.0
2.3948783928195994e-11,0.32043734230445753,0.004219409282700422,0.0
1.3197012926902119e-10,0.32043734230445753,0.006329113924050633,0.0
2.807397647686116e-10,0.32043734230445753,0.008438818565400843,0.0
4.2042930248342714e-10,0.3208578637510513,0.008438818565400843,0.000420521446593769
6.169815769396791e-10,0.3208578637510513,0.010548523206751054,0.000420521446593769
8.336276113851682e-10,0.3208578637510513,0.012658227848101266,0.000420521446593769
1.8185825068073314e-09,0.3208578637510513,0.014767932489451477,0.000420521446593769
2.706097346205638e-09,0.3208578637510513,0.016877637130801686,0.000420521446593769
3.089509537090862e-09,0.3208578637510513,0.0189873417721519,0.000420521446593769
3.828038330766503e-09,0.3208578637510513,0.02109704641350211,0.000420521446593769
5.451158191505101e-09,0.3213835155592935,0.02109704641350211,0.0009461732548359802
1.0520023074889195e-08,0.3213835155592935,0.023206751054852322,0.0009461732548359802
1.4586673202643397e-08,0.3213835155592935,0.02531645569620253,0.0009461732548359802
1.590345988233821e-08,0.32201429772918416,0.02531645569620253,0.0015769554247266337
1.785335967952051e-08,0.32201429772918416,0.027426160337552744,0.0015769554247266337
1.8879646290770324e-08,0.32201429772918416,0.029535864978902954,0.0015769554247266337
2.0528311495127127e-08,0.3219091673675357,0.029535864978902954,0.0014718250630781915
2.6542078757074705e-08,0.3219091673675357,0.03164556962025317,0.0014718250630781915
3.363165745895458e-08,0.3219091673675357,0.03375527426160337,0.0014718250630781915
3.650223234785699e-08,0.3219091673675357,0.035864978902953586,0.0014718250630781915
3.693158134865371e-08,0.3219091673675357,0.035864978902953586,0.0014718250630781915
4.469753633884466e-08,0.3219091673675357,0.0379746835443038,0.0014718250630781915
5.7656379226500576e-08,0.3219091673675357,0.04008438818565401,0.0014718250630781915
6.433958787965821e-08,0.3219091673675357,0.04219409282700422,0.0014718250630781915
6.908246064085688e-08,0.32285534062237176,0.04219409282700422,0.0024179983179142273
7.296117132682411e-08,0.32285534062237176,0.04430379746835443,0.0024179983179142273
8.193211442630854e-08,0.32380151387720774,0.04430379746835443,0.0033641715727502075
9.516369914308598e-08,0.32380151387720774,0.046413502109704644,0.0033641715727502075
1.0774706993288419e-07,0.32380151387720774,0.04852320675105485,0.0033641715727502075
1.183440900831556e-07,0.32380151387720774,0.05063291139240506,0.0033641715727502075
1.3531266063182557e-07,0.32380151387720774,0.052742616033755275,0.0033641715727502075
1.63625770710496e-07,0.32380151387720774,0.05485232067510549,0.0033641715727502075
1.8086262798533426e-07,0.32380151387720774,0.05485232067510549,0.0033641715727502075
1.8874288798542693e-07,0.3244322960470984,0.05485232067510549,0.003994953742640861
1.9394786932025454e-07,0.3247476871320437,0.05485232067510549,0.004310344827586188
2.0390899635458481e-07,0.3257989907485282,0.05485232067510549,0.005361648444070666
2.2538560529028473e-07,0.32642977291841885,0.05485232067510549,0.005992430613961319
2.759768449323019e-07,0.3270605550883095,0.05485232067510549,0.006623212783851973
3.290174959147407e-07,0.3277964676198486,0.05485232067510549,0.0073591253153910685
3.4849449548346456e-07,0.3277964676198486,0.056962025316455694,0.0073591253153910685
3.6133013736616704e-07,0.3277964676198486,0.05907172995780591,0.0073591253153910685
3.8596181184402667e-07,0.3277964676198486,0.06118143459915612,0.0073591253153910685
4.1541551354384865e-07,0.32821698906644237,0.06118143459915612,0.0077796467619848375
4.2965143620676827e-07,0.32821698906644237,0.06329113924050633,0.0077796467619848375
5.197831569603295e-07,0.32821698906644237,0.06540084388185655,0.0077796467619848375
6.188739689605427e-07,0.32821698906644237,0.06751054852320675,0.0077796467619848375
6.41280507807096e-07,0.3286375105130362,0.06751054852320675,0.008200168208578662
6.663150315944222e-07,0.3286375105130362,0.06962025316455696,0.008200168208578662
7.771528771627345e-07,0.3286375105130362,0.07172995780590717,0.008200168208578662
9.050763196682965e-07,0.3291631623212784,0.07172995780590717,0.008725820016820873
9.408204277860932e-07,0.3291631623212784,0.07383966244725738,0.008725820016820873
9.935638445313089e-07,0.3291631623212784,0.0759493670886076,0.008725820016820873
1.053991127264453e-06,0.3291631623212784,0.07805907172995781,0.008725820016820873
1.088078761313227e-06,0.3291631623212784,0.08016877637130802,0.008725820016820873
1.1107522368547507e-06,0.32874264087468463,0.08016877637130802,0.008305298570227104
1.1204913334950106e-06,0.32874264087468463,0.08227848101265822,0.008305298570227104
1.1292177077848464e-06,0.32874264087468463,0.08227848101265822,0.008305298570227104
1.2382563454593765e-06,0.32874264087468463,0.08438818565400844,0.008305298570227104
1.359733687422704e-06,0.32874264087468463,0.08649789029535865,0.008305298570227104
1.3753817711403826e-06,0.32874264087468463,0.08860759493670886,0.008305298570227104
1.4029895964995376e-06,0.32874264087468463,0.09071729957805907,0.008305298570227104
1.4319280126073863e-06,0.32874264087468463,0.09282700421940929,0.008305298570227104
1.5914827145024901e-06,0.32874264087468463,0.09282700421940929,0.008305298570227104
1.757879431352194e-06,0.32874264087468463,0.0949367088607595,0.008305298570227104
1.8093660401063971e-06,0.32958368376787217,0.0949367088607595,0.009146341463414642
1.8653316828931565e-06,0.32958368376787217,0.0970464135021097,0.009146341463414642
1.9505052932800027e-06,0.33000420521446594,0.0970464135021097,0.009566862910008411
2.0483425942074973e-06,0.33000420521446594,0.0970464135021097,0.009566862910008411
2.163293174817227e-06,0.33000420521446594,0.09915611814345991,0.009566862910008411
2.501465587556595e-06,0.3306349873843566,0.09915611814345991,0.010197645079899065
2.7866653908859007e-06,0.33126576955424725,0.09915611814345991,0.010828427249789718
2.859811729649664e-06,0.33210681244743484,0.09915611814345991,0.011669470142977312
2.9256275411171373e-06,0.3325273338940286,0.09915611814345991,0.01208999158957108
3.232964900234947e-06,0.3325273338940286,0.10126582278481013,0.01208999158957108
3.610513431340223e-06,0.3329478553406224,0.10126582278481013,0.01251051303616485
3.903942797478521e-06,0.3329478553406224,0.10337552742616034,0.01251051303616485
4.242986506142188e-06,0.3329478553406224,0.10548523206751055,0.01251051303616485
4.584441740007605e-06,0.3329478553406224,0.10759493670886076,0.01251051303616485
4.9406062316847965e-06,0.3329478553406224,0.10970464135021098,0.01251051303616485
5.322958713804837e-06,0.3334735071488646,0.10970464135021098,0.013036164844407061
5.910726940783206e-06,0.3334735071488646,0.11181434599156118,0.013036164844407061
6.742180630681105e-06,0.3334735071488646,0.11392405063291139,0.013036164844407061
7.335448572121095e-06,0.3334735071488646,0.1160337552742616,0.013036164844407061
7.57576663090731e-06,0.3334735071488646,0.11814345991561181,0.013036164844407061
7.789656592649408e-06,0.3334735071488646,0.12025316455696203,0.013036164844407061
8.041621185839176e-06,0.3334735071488646,0.12236286919831224,0.013036164844407061
8.282827366201673e-06,0.3334735071488646,0.12447257383966245,0.013036164844407061
8.474907190247905e-06,0.3334735071488646,0.12658227848101267,0.013036164844407061
9.61106525210198e-06,0.3334735071488646,0.12869198312236288,0.013036164844407061
1.0660285624908283e-05,0.3334735071488646,0.1308016877637131,0.013036164844407061
1.0894996194110718e-05,0.3334735071488646,0.13291139240506328,0.013036164844407061
1.1516195627336856e-05,0.3334735071488646,0.1350210970464135,0.013036164844407061
1.196779339807108e-05,0.3334735071488646,0.1371308016877637,0.013036164844407061
1.2513110050349496e-05,0.3334735071488646,0.13924050632911392,0.013036164844407061
1.3111372027196921e-05,0.3334735071488646,0.14135021097046413,0.013036164844407061
1.3404680430539884e-05,0.33315811606391926,0.14135021097046413,0.012720773759461734
1.360531405225629e-05,0.33315811606391926,0.14345991561181434,0.012720773759461734
1.4038338122190908e-05,0.33315811606391926,0.14556962025316456,0.012720773759461734
1.5731768144178204e-05,0.3336837678721615,0.14556962025316456,0.013246425567703946
1.7188169294968247e-05,0.3336837678721615,0.14767932489451477,0.013246425567703946
1.9922626961488277e-05,0.3336837678721615,0.14978902953586498,0.013246425567703946
2.295239937666338e-05,0.3336837678721615,0.1518987341772152,0.013246425567703946
2.3691896785749123e-05,0.3336837678721615,0.1540084388185654,0.013246425567703946
2.3951164621394128e-05,0.3336837678721615,0.15611814345991562,0.013246425567703946
2.49601507675834e-05,0.3336837678721615,0.15822784810126583,0.013246425567703946
2.701571793295443e-05,0.3343145500420521,0.15822784810126583,0.013877207737594599
2.853410660463851e-05,0.3343145500420521,0.16033755274261605,0.013877207737594599
2.925542685261462e-05,0.3353658536585366,0.16033755274261605,0.014928511354079077
2.961908103316091e-05,0.3353658536585366,0.16244725738396623,0.014928511354079077
3.0090475775068626e-05,0.3353658536585366,0.16455696202531644,0.014928511354079077
3.087957884417847e-05,0.3353658536585366,0.16666666666666666,0.014928511354079077
3.145497612422332e-05,0.3363120269133726,0.16666666666666666,0.015874684608915057
3.2584721338935196e-05,0.3363120269133726,0.16877637130801687,0.015874684608915057
3.389932317077182e-05,0.3363120269133726,0.17088607594936708,0.015874684608915057
3.528160959831439e-05,0.3363120269133726,0.1729957805907173,0.015874684608915057
3.641154762590304e-05,0.3363120269133726,0.1751054852320675,0.015874684608915057
3.752676275325939e-05,0.3363120269133726,0.17721518987341772,0.015874684608915057
4.011687997262925e-05,0.3363120269133726,0.17932489451476794,0.015874684608915057
4.178464587312192e-05,0.33673254835996635,0.17932489451476794,0.016295206055508826
4.405586514621973e-05,0.33694280908326324,0.17932489451476794,0.01650546677880571
4.7284622269216925e-05,0.33694280908326324,0.18143459915611815,0.01650546677880571
4.897718099527992e-05,0.3368376787216148,0.18143459915611815,0.01640033641715727
5.110036727273837e-05,0.3377838519764508,0.18143459915611815,0.01734650967199325
5.5844611779320985e-05,0.3377838519764508,0.18354430379746836,0.01734650967199325
6.097714140196331e-05,0.33830950378469304,0.18354430379746836,0.017872161480235516
6.532855331897736e-05,0.33830950378469304,0.18565400843881857,0.017872161480235516
6.786186713725328e-05,0.33830950378469304,0.1877637130801688,0.017872161480235516
6.99228621670045e-05,0.33830950378469304,0.189873417721519,0.017872161480235516
7.299243588931859e-05,0.33830950378469304,0.19198312236286919,0.017872161480235516
7.697898399783298e-05,0.3387300252312868,0.19198312236286919,0.018292682926829285
8.139443525578827e-05,0.33936080740117747,0.19198312236286919,0.018923465096719938
8.466790313832462e-05,0.33936080740117747,0.1940928270042194,0.018923465096719938
9.189647971652448e-05,0.33936080740117747,0.1962025316455696,0.018923465096719938
9.794021025300026e-05,0.33936080740117747,0.19831223628691982,0.018923465096719938
0.00010265506716677919,0.3398864592094197,0.19831223628691982,0.01944911690496215
0.00010799613664858043,0.34051724137931033,0.19831223628691982,0.020079899074852803
0.0001130211167037487,0.34051724137931033,0.20042194092827004,0.020079899074852803
0.00011967738100793213,0.34051724137931033,0.20253164556962025,0.020079899074852803
0.00012321610120125115,0.34051724137931033,0.20464135021097046,0.020079899074852803
0.00012785979197360575,0.34051724137931033,0.20675105485232068,0.020079899074852803
0.00013507134281098843,0.34051724137931033,0.2088607594936709,0.020079899074852803
0.00014004349941387773,0.341148023549201,0.2088607594936709,0.020710681244743456
0.000143102603033185,0.341148023549201,0.2109704641350211,0.020710681244743456
0.00014962130808271468,0.341148023549201,0.21308016877637131,0.020710681244743456
0.0001587053993716836,0.341148023549201,0.21518987341772153,0.020710681244743456
0.00016335194231942296,0.3413582842724979,0.21518987341772153,0.020920941968040396
0.00016512672300450504,0.3413582842724979,0.21729957805907174,0.020920941968040396
0.00016934478480834514,0.3413582842724979,0.21940928270042195,0.020920941968040396
0.00017500670219305903,0.3413582842724979,0.22151898734177214,0.020920941968040396
0.00017934688366949558,0.3413582842724979,0.22362869198312235,0.020920941968040396
0.00018228363478556275,0.34167367535744325,0.22362869198312235,0.021236333052985723
0.00018402507703285664,0.34167367535744325,0.22573839662447256,0.021236333052985723
0.0001884280500235036,0.34146341463414637,0.22573839662447256,0.02102607232968884
0.00019386311760172248,0.34146341463414637,0.22784810126582278,0.02102607232968884
0.00019736077229026705,0.34146341463414637,0.229957805907173,0.02102607232968884
0.00020005268743261695,0.34146341463414637,0.2320675105485232,0.02102607232968884
0.0002012896875385195,0.34146341463414637,0.23417721518987342,0.02102607232968884
0.00020378526824060827,0.342094196804037,0.23417721518987342,0.021656854499579492
0.00021018627739977092,0.3425147182506308,0.23417721518987342,0.02207737594617326
0.00021706665575038642,0.3432506307821699,0.23417721518987342,0.022813288477712357
0.0002206505450885743,0.3432506307821699,0.23628691983122363,0.022813288477712357
0.0002223694755230099,0.34388141295206054,0.23628691983122363,0.02344407064760301
0.00022989470744505525,0.34388141295206054,0.23839662447257384,0.02344407064760301
0.00023685360793024302,0.34388141295206054,0.24050632911392406,0.02344407064760301
0.0002376580669078976,0.3445121951219512,0.24050632911392406,0.024074852817493664
0.00023902073735371232,0.3445121951219512,0.24261603375527427,0.024074852817493664
0.00024107542412821203,0.3445121951219512,0.24472573839662448,0.024074852817493664
0.0002427424187771976,0.3446173254835997,0.24472573839662448,0.02417998317914216
0.00024361636315006763,0.3446173254835997,0.2468354430379747,0.02417998317914216
0.00024503987515345216,0.3446173254835997,0.2489451476793249,0.02417998317914216
0.0002558547421358526,0.3446173254835997,0.2510548523206751,0.02417998317914216
0.0002752624568529427,0.3446173254835997,0.2510548523206751,0.02417998317914216
0.0002897600643336773,0.3446173254835997,0.25316455696202533,0.02417998317914216
0.00029825689853169024,0.3446173254835997,0.2552742616033755,0.02417998317914216
0.00031576910987496376,0.3446173254835997,0.25738396624472576,0.02417998317914216
0.0003316949587315321,0.343986543313709,0.25738396624472576,0.023549201009251453
0.00033411075128242373,0.34419680403700587,0.25738396624472576,0.023759461732548337
0.00036477556568570435,0.34419680403700587,0.25949367088607594,0.023759461732548337
0.000395213341107592,0.34419680403700587,0.2616033755274262,0.023759461732548337
0.0003971075639128685,0.34419680403700587,0.26371308016877637,0.023759461732548337
0.00041212912765331566,0.34419680403700587,0.26582278481012656,0.023759461732548337
0.00043089338578283787,0.34419680403700587,0.2679324894514768,0.023759461732548337
0.0004480257339309901,0.34419680403700587,0.270042194092827,0.023759461732548337
0.0004602083645295352,0.3456686291000841,0.270042194092827,0.025231286795626584
0.00046284071868285537,0.3456686291000841,0.2721518987341772,0.025231286795626584
0.0004715628456324339,0.3456686291000841,0.2742616033755274,0.025231286795626584
0.00048612672253511846,0.3456686291000841,0.27637130801687765,0.025231286795626584
0.0005004812264814973,0.3456686291000841,0.27848101265822783,0.025231286795626584
0.000514940416906029,0.3451429772918419,0.27848101265822783,0.024705634987384373
0.0005265863728709519,0.3456686291000841,0.27848101265822783,0.025231286795626584
0.0005583749152719975,0.3456686291000841,0.2805907172995781,0.025231286795626584
0.0005886786384508014,0.34629941126997477,0.2805907172995781,0.025862068965517238
0.0005920075927861035,0.34629941126997477,0.28270042194092826,0.025862068965517238
0.000600580358877778,0.34629941126997477,0.2848101265822785,0.025862068965517238
0.0006138654425740242,0.34629941126997477,0.2848101265822785,0.025862068965517238
0.0006253470201045275,0.34629941126997477,0.2869198312236287,0.025862068965517238
0.0006391715724021196,0.34629941126997477,0.2890295358649789,0.025862068965517238
0.0006551221013069153,0.3471404541631623,0.2890295358649789,0.026703111858704776
0.000663650338537991,0.3471404541631623,0.2911392405063291,0.026703111858704776
0.000684938277117908,0.3471404541631623,0.2911392405063291,0.026703111858704776
0.0007139189401641488,0.3475609756097561,0.2911392405063291,0.027123633305298545
0.0007289312779903412,0.3479814970563499,0.2911392405063291,0.02754415475189237
0.0007597447838634253,0.3479814970563499,0.29324894514767935,0.02754415475189237
0.0007937971968203783,0.3479814970563499,0.29535864978902954,0.02754415475189237
0.0008041276596486568,0.3489276703111859,0.29535864978902954,0.02849032800672835
0.000806780532002449,0.3489276703111859,0.2974683544303797,0.02849032800672835
0.0008119780104607344,0.3489276703111859,0.29957805907172996,0.02849032800672835
0.0008250687969848514,0.348717409587889,0.29957805907172996,0.028280067283431465
0.0008383814711123705,0.348717409587889,0.30168776371308015,0.028280067283431465
0.0008575170068070292,0.348717409587889,0.3037974683544304,0.028280067283431465
0.000873243436217308,0.3481917577796468,0.3037974683544304,0.027754415475189254
0.0008773469598963857,0.3481917577796468,0.3059071729957806,0.027754415475189254
0.0008880815003067255,0.3492430613961312,0.3059071729957806,0.028805719091673676
0.0009000804275274277,0.3492430613961312,0.3059071729957806,0.028805719091673676
0.0009240647777915001,0.3492430613961312,0.3059071729957806,0.028805719091673676
0.0009474137332290411,0.3490328006728343,0.3059071729957806,0.02859545836837679
0.0009767910232767463,0.3490328006728343,0.3080168776371308,0.02859545836837679
0.0010118032805621624,0.3490328006728343,0.310126582278481,0.02859545836837679
0.0010295275133103132,0.3490328006728343,0.31223628691983124,0.02859545836837679
0.001055549131706357,0.3494533221194281,0.31223628691983124,0.02901597981497056
0.0010930136777460575,0.3494533221194281,0.3143459915611814,0.02901597981497056
0.0011139039415866137,0.3501892346509672,0.3143459915611814,0.029751892346509656
0.0011211599921807647,0.349663582842725,0.3143459915611814,0.029226240538267445
0.0011618053540587425,0.349663582842725,0.31645569620253167,0.029226240538267445
0.0012002630392089486,0.349663582842725,0.31856540084388185,0.029226240538267445
0.001214686082676053,0.349663582842725,0.3206751054852321,0.029226240538267445
0.0012305740965530276,0.35008410428931874,0.3206751054852321,0.029646761984861214
0.0012836058158427477,0.3509251471825063,0.3206751054852321,0.030487804878048752
0.001344743650406599,0.35218671152228764,0.3206751054852321,0.031749369217830115
0.0013581742532551289,0.35218671152228764,0.3227848101265823,0.031749369217830115
0.0013603572733700275,0.35218671152228764,0.32489451476793246,0.031749369217830115
0.0013676595408469439,0.3517661900756939,0.32489451476793246,0.031328847771236346
0.0013785988558083773,0.3522918418839361,0.32489451476793246,0.03185449957947856
0.0013858499005436897,0.3522918418839361,0.3270042194092827,0.03185449957947856
0.001399792032316327,0.3522918418839361,0.3291139240506329,0.03185449957947856
0.0014466906432062387,0.3522918418839361,0.33122362869198313,0.03185449957947856
0.0015736455097794533,0.3523969722455845,0.33122362869198313,0.031959629941127
0.0016779974102973938,0.3522918418839361,0.33122362869198313,0.03185449957947856
0.0017416394548490644,0.3522918418839361,0.3333333333333333,0.03185449957947856
0.001806460553780198,0.3522918418839361,0.33544303797468356,0.03185449957947856
0.001854676054790616,0.3522918418839361,0.33544303797468356,0.03185449957947856
0.0019299136474728584,0.3522918418839361,0.33755274261603374,0.03185449957947856
0.002006602007895708,0.3522918418839361,0.339662447257384,0.03185449957947856
0.0020487974397838116,0.3520815811606392,0.339662447257384,0.03164423885618167
0.002099465113133192,0.35197645079899076,0.339662447257384,0.03153910849453323
0.0022544930689036846,0.35197645079899076,0.34177215189873417,0.03153910849453323
0.0023653386160731316,0.35197645079899076,0.3438818565400844,0.03153910849453323
0.0024021484423428774,0.35197645079899076,0.3459915611814346,0.03153910849453323
0.00251509970985353,0.35197645079899076,0.34810126582278483,0.03153910849453323
0.0026271312963217497,0.35218671152228764,0.34810126582278483,0.031749369217830115
0.002824491821229458,0.3520815811606392,0.34810126582278483,0.03164423885618167
0.003006099257618189,0.3520815811606392,0.350210970464135,0.03164423885618167
0.0030316037591546774,0.3530277544154752,0.350210970464135,0.03259041211101765
0.003054535947740078,0.3530277544154752,0.35232067510548526,0.03259041211101765
0.003073079977184534,0.3530277544154752,0.35443037974683544,0.03259041211101765
0.0032479772344231606,0.35292262405382674,0.35443037974683544,0.03248528174936921
0.0034622540697455406,0.35344827586206895,0.35443037974683544,0.03301093355761142
0.0035034234169870615,0.35344827586206895,0.35654008438818563,0.03301093355761142
0.003664880059659481,0.354394449116905,0.35654008438818563,0.03395710681244746
0.003882043994963169,0.354394449116905,0.35864978902953587,0.03395710681244746
0.0039721098728477955,0.354394449116905,0.36075949367088606,0.03395710681244746
0.004041501320898533,0.354394449116905,0.3628691983122363,0.03395710681244746
0.004130717366933823,0.354394449116905,0.3628691983122363,0.03395710681244746
0.0043067969381809235,0.354394449116905,0.3649789029535865,0.03395710681244746
0.0045546977780759335,0.3549201009251472,0.3649789029535865,0.03448275862068967
0.004897423088550568,0.3547098402018503,0.3649789029535865,0.034272497897392784
0.0051829274743795395,0.3547098402018503,0.3670886075949367,0.034272497897392784
0.005336957983672619,0.3547098402018503,0.3691983122362869,0.034272497897392784
0.005423887632787228,0.3547098402018503,0.37130801687763715,0.034272497897392784
0.005433470476418734,0.3551303616484441,0.37130801687763715,0.03469301934398655
0.005504877306520939,0.3551303616484441,0.37341772151898733,0.03469301934398655
0.005578269716352224,0.3556560134566863,0.37341772151898733,0.035218671152228764
0.005616821348667145,0.3556560134566863,0.3755274261603376,0.035218671152228764
0.005694136023521423,0.3556560134566863,0.37763713080168776,0.035218671152228764
0.005760901141911745,0.3556560134566863,0.379746835443038,0.035218671152228764
0.005811730865389109,0.3556560134566863,0.3818565400843882,0.035218671152228764
0.0059740059077739716,0.3556560134566863,0.38396624472573837,0.035218671152228764
0.006108198314905167,0.3556560134566863,0.3860759493670886,0.035218671152228764
0.006234712898731232,0.3556560134566863,0.3881856540084388,0.035218671152228764
0.006398648954927921,0.3556560134566863,0.39029535864978904,0.035218671152228764
0.0065268706530332565,0.3556560134566863,0.3924050632911392,0.035218671152228764
0.006699735298752785,0.3556560134566863,0.39451476793248946,0.035218671152228764
0.006798914633691311,0.3566021867115223,0.39451476793248946,0.036164844407064745
0.006892034783959389,0.3571278385197645,0.39451476793248946,0.036690496215306956
0.007024955935776234,0.3571278385197645,0.39662447257383965,0.036690496215306956
0.007242073304951191,0.3571278385197645,0.3987341772151899,0.036690496215306956
0.0074215242639184,0.3571278385197645,0.4008438818565401,0.036690496215306956
0.007526746019721031,0.35702270815811604,0.4008438818565401,0.036585365853658514
0.007920285686850548,0.35702270815811604,0.4029535864978903,0.036585365853658514
0.008277345448732376,0.35702270815811604,0.4050632911392405,0.036585365853658514
0.008352690376341343,0.35702270815811604,0.40717299578059074,0.036585365853658514
0.008416470140218735,0.35702270815811604,0.4092827004219409,0.036585365853658514
0.008491151966154575,0.3575483599663583,0.4092827004219409,0.03711101766190078
0.008524397388100624,0.35733809924306137,0.4092827004219409,0.03690075693860384
0.008823713287711143,0.35733809924306137,0.41139240506329117,0.03690075693860384
0.00918671302497387,0.35733809924306137,0.41350210970464135,0.03690075693860384
0.009258734062314034,0.3572329688814129,0.41350210970464135,0.0367956265769554
0.009270081296563148,0.3572329688814129,0.41561181434599154,0.0367956265769554
0.009326804429292679,0.35817914213624896,0.41561181434599154,0.037741799831791434
0.00938052125275135,0.35817914213624896,0.4177215189873418,0.037741799831791434
0.009510599076747894,0.35817914213624896,0.41983122362869196,0.037741799831791434
0.00965995341539383,0.35786375105130364,0.41983122362869196,0.03742640874684611
0.009788209572434425,0.35786375105130364,0.4219409282700422,0.03742640874684611
0.009977830573916435,0.35786375105130364,0.4240506329113924,0.03742640874684611
0.010065757669508457,0.35786375105130364,0.42616033755274263,0.03742640874684611
0.010193043388426304,0.3584945332211943,0.42616033755274263,0.03805719091673676
0.010362252593040466,0.35912531539108494,0.42616033755274263,0.038687973086627414
0.01084376685321331,0.35912531539108494,0.4282700421940928,0.038687973086627414
0.01131623424589634,0.35912531539108494,0.43037974683544306,0.038687973086627414
0.011471367441117764,0.35912531539108494,0.43248945147679324,0.038687973086627414
0.012361845001578331,0.35965096719932715,0.43248945147679324,0.039213624894869625
0.01342029683291912,0.3595458368376787,0.43248945147679324,0.03910849453322118
0.014230669476091862,0.3595458368376787,0.4345991561181435,0.03910849453322118
0.014799263328313828,0.3595458368376787,0.43670886075949367,0.03910849453322118
0.014922592788934708,0.3595458368376787,0.4388185654008439,0.03910849453322118
0.01511613093316555,0.3602817493692178,0.4388185654008439,0.03984440706476028
0.015283267013728619,0.36122792262405384,0.4388185654008439,0.040790580319596315
0.01539972797036171,0.36122792262405384,0.4409282700421941,0.040790580319596315
0.015655014663934708,0.36175357443229605,0.4409282700421941,0.041316232127838526
0.016035884618759155,0.36175357443229605,0.4430379746835443,0.041316232127838526
0.016251495108008385,0.36175357443229605,0.4451476793248945,0.041316232127838526
0.016302023082971573,0.36175357443229605,0.4472573839662447,0.041316232127838526
0.01640801504254341,0.36269974768713203,0.4472573839662447,0.042262405382674506
0.01653841882944107,0.3629100084104289,0.4472573839662447,0.04247266610597139
0.016696494072675705,0.3633305298570227,0.4472573839662447,0.04289318755256516
0.01709556020796299,0.3633305298570227,0.44936708860759494,0.04289318755256516
0.01771087944507599,0.3633305298570227,0.45147679324894513,0.04289318755256516
0.01818326860666275,0.3633305298570227,0.45358649789029537,0.04289318755256516
0.0184743981808424,0.3633305298570227,0.45569620253164556,0.04289318755256516
0.018776962533593178,0.3633305298570227,0.4578059071729958,0.04289318755256516
0.01946977525949478,0.3631202691337258,0.4578059071729958,0.042682926829268275
0.020278066396713257,0.3631202691337258,0.4578059071729958,0.042682926829268275
0.02081567794084549,0.3631202691337258,0.459915611814346,0.042682926829268275
0.02125173807144165,0.3631202691337258,0.4620253164556962,0.042682926829268275
0.02152722328901291,0.3631202691337258,0.4641350210970464,0.042682926829268275
0.022097811102867126,0.3631202691337258,0.46624472573839665,0.042682926829268275
0.022743389010429382,0.36375105130361646,0.46624472573839665,0.04331370899915893
0.022966686636209488,0.3641715727502103,0.46624472573839665,0.04373423044575275
0.023053593933582306,0.3641715727502103,0.46835443037974683,0.04373423044575275
0.023294251412153244,0.3641715727502103,0.4704641350210971,0.04373423044575275
0.02388954907655716,0.3641715727502103,0.47257383966244726,0.04373423044575275
0.024422965943813324,0.3641715727502103,0.47468354430379744,0.04373423044575275
0.02458224445581436,0.3641715727502103,0.4767932489451477,0.04373423044575275
0.024800971150398254,0.3639613120269134,0.4767932489451477,0.04352396972245587
0.02541227452456951,0.3639613120269134,0.4767932489451477,0.04352396972245587
0.02595006301999092,0.3644869638351556,0.4767932489451477,0.04404962153069808
0.02635374665260315,0.3644869638351556,0.47890295358649787,0.04404962153069808
0.02679343707859516,0.3644869638351556,0.4810126582278481,0.04404962153069808
0.027145279571413994,0.36511774600504626,0.4810126582278481,0.04468040370058873
0.027428146451711655,0.3656433978132885,0.4810126582278481,0.045206055508830945
0.02779495343565941,0.3656433978132885,0.4831223628691983,0.045206055508830945
0.028329866006970406,0.3662741799831791,0.4831223628691983,0.0458368376787216
0.028664566576480865,0.3669049621530698,0.4831223628691983,0.04646761984861225
0.028823137283325195,0.3669049621530698,0.48523206751054854,0.04646761984861225
0.029879767447710037,0.3669049621530698,0.48523206751054854,0.04646761984861225
0.0310509130358696,0.3669049621530698,0.4873417721518987,0.04646761984861225
0.03131481260061264,0.36658957106812445,0.4873417721518987,0.046152228763666925
0.03195006027817726,0.36658957106812445,0.4873417721518987,0.046152228763666925
0.03313785418868065,0.36658957106812445,0.48945147679324896,0.046152228763666925
0.03473459929227829,0.3671152228763667,0.48945147679324896,0.04667788057190919
0.035775326192379,0.3675357443229605,0.48945147679324896,0.04709840201850296
0.03666447103023529,0.3675357443229605,0.48945147679324896,0.04709840201850296
0.03788056969642639,0.3675357443229605,0.49156118143459915,0.04709840201850296
0.03836529701948166,0.3675357443229605,0.4936708860759494,0.04709840201850296
0.040145061910152435,0.36722035323801516,0.4936708860759494,0.046783010933557634
0.04198746383190155,0.3675357443229605,0.4936708860759494,0.04709840201850296
0.04305325075984001,0.3675357443229605,0.4957805907172996,0.04709840201850296
0.04586416482925415,0.3678511354079058,0.4957805907172996,0.04741379310344829
0.0479581356048584,0.3682716568544996,0.4957805907172996,0.047834314550042056
0.048633307218551636,0.3691126997476871,0.4957805907172996,0.048675357443229594
0.050610728561878204,0.3691126997476871,0.4978902953586498,0.048675357443229594
0.052853360772132874,0.3691126997476871,0.5,0.048675357443229594
0.05371462553739548,0.3691126997476871,0.5021097046413502,0.048675357443229594
0.05452417582273483,0.3691126997476871,0.5042194092827004,0.048675357443229594
0.05671332776546478,0.3691126997476871,0.5042194092827004,0.048675357443229594
0.058608174324035645,0.3697434819175778,0.5042194092827004,0.04930613961312025
0.06043798476457596,0.3697434819175778,0.5063291139240507,0.04930613961312025
0.061914458870887756,0.3697434819175778,0.5084388185654009,0.04930613961312025
0.06412807106971741,0.3697434819175778,0.5084388185654009,0.04930613961312025
0.06654078513383865,0.37026913372582004,0.5084388185654009,0.049831791421362515
0.06719118356704712,0.37079478553406225,0.5084388185654009,0.050357443229604726
0.06886719912290573,0.3716358284272498,0.5084388185654009,0.051198486122792264
0.07161553204059601,0.3718460891505467,0.5084388185654009,0.05140874684608915
0.07332406938076019,0.3718460891505467,0.510548523206751,0.05140874684608915
0.0737328976392746,0.3723717409587889,0.510548523206751,0.05193439865433136
0.07493491470813751,0.3723717409587889,0.5126582278481012,0.05193439865433136
0.0769609808921814,0.3723717409587889,0.5147679324894515,0.05193439865433136
0.07820705324411392,0.3723717409587889,0.5147679324894515,0.05193439865433136
0.08054950088262558,0.3723717409587889,0.5168776371308017,0.05193439865433136
0.08427760750055313,0.3726871320437342,0.5168776371308017,0.052249789739276686
0.08708667755126953,0.3726871320437342,0.5189873417721519,0.052249789739276686
0.0898563489317894,0.3723717409587889,0.5189873417721519,0.05193439865433136
0.09517265856266022,0.3723717409587889,0.5189873417721519,0.05193439865433136
0.09899993240833282,0.3723717409587889,0.5210970464135021,0.05193439865433136
0.09959955513477325,0.3723717409587889,0.5232067510548524,0.05193439865433136
0.10302373021841049,0.3723717409587889,0.5253164556962026,0.05193439865433136
0.10652236640453339,0.3723717409587889,0.5274261603375527,0.05193439865433136
0.10735563933849335,0.3723717409587889,0.5295358649789029,0.05193439865433136
0.10773621499538422,0.3723717409587889,0.5316455696202531,0.05193439865433136
0.1080276221036911,0.3723717409587889,0.5337552742616034,0.05193439865433136
0.10840210318565369,0.3723717409587889,0.5358649789029536,0.05193439865433136
0.10994985699653625,0.3723717409587889,0.5379746835443038,0.05193439865433136
0.11202612519264221,0.3723717409587889,0.540084388185654,0.05193439865433136
0.1145891547203064,0.3723717409587889,0.5421940928270043,0.05193439865433136
0.11732113361358643,0.37342304457527337,0.5421940928270043,0.05298570227081584
0.11829155683517456,0.37342304457527337,0.5443037974683544,0.05298570227081584
0.11920011043548584,0.37342304457527337,0.5464135021097046,0.05298570227081584
0.1201053112745285,0.37510513036164844,0.5464135021097046,0.054667788057190914
0.12206509709358215,0.3753153910849453,0.5464135021097046,0.0548780487804878
0.12449038028717041,0.3753153910849453,0.5485232067510548,0.0548780487804878
0.12580396234989166,0.3753153910849453,0.5506329113924051,0.0548780487804878
0.1274462640285492,0.37615643397813286,0.5506329113924051,0.055719091673675336
0.13038766384124756,0.37615643397813286,0.5527426160337553,0.055719091673675336
0.1354304850101471,0.37720773759461734,0.5527426160337553,0.056770395290159814
0.1394972801208496,0.37720773759461734,0.5548523206751055,0.056770395290159814
0.14163607358932495,0.3776282590412111,0.5548523206751055,0.05719091673675358
0.14463093876838684,0.37720773759461734,0.5548523206751055,0.056770395290159814
0.14752769470214844,0.3776282590412111,0.5548523206751055,0.05719091673675358
0.15114465355873108,0.3776282590412111,0.5569620253164557,0.05719091673675358
0.15525060892105103,0.37794365012615644,0.5569620253164557,0.05750630782169891
0.15713807940483093,0.378784693019344,0.5569620253164557,0.05834735071488645
0.1600627601146698,0.37941547518923463,0.5569620253164557,0.0589781328847771
0.1642082929611206,0.37941547518923463,0.5590717299578059,0.0589781328847771
0.16665618121623993,0.3793103448275862,0.5590717299578059,0.05887300252312866
0.16853687167167664,0.3799411269974769,0.5590717299578059,0.05950378469301937
0.1698998510837555,0.38078216989066443,0.5590717299578059,0.060344827586206906
0.17196181416511536,0.38078216989066443,0.5611814345991561,0.060344827586206906
0.18278856575489044,0.38078216989066443,0.5632911392405063,0.060344827586206906
0.19249404966831207,0.3817283431455004,0.5632911392405063,0.061291000841042886
0.19412046670913696,0.38204373423044574,0.5632911392405063,0.06160639192598821
0.1970101296901703,0.38204373423044574,0.5654008438818565,0.06160639192598821
0.20049093663692474,0.3824642556770395,0.5654008438818565,0.06202691337258198
0.20498573780059814,0.3824642556770395,0.5675105485232067,0.06202691337258198
0.20842987298965454,0.3824642556770395,0.569620253164557,0.06202691337258198
0.2091086208820343,0.38235912531539107,0.569620253164557,0.06192178301093354
0.2093268781900406,0.3833052985702271,0.569620253164557,0.06286795626576958
0.209365114569664,0.38393608074011776,0.569620253164557,0.06349873843566023
0.2103363424539566,0.3849873843566022,0.569620253164557,0.06455004205214465
0.21379327774047852,0.3849873843566022,0.5717299578059072,0.06455004205214465
0.21852025389671326,0.3855130361648444,0.5717299578059072,0.06507569386038686
0.2211388200521469,0.3855130361648444,0.5738396624472574,0.06507569386038686
0.2221379280090332,0.3855130361648444,0.5759493670886076,0.06507569386038686
0.22460117936134338,0.386354079058032,0.5759493670886076,0.06591673675357446
0.23015570640563965,0.386354079058032,0.5780590717299579,0.06591673675357446
0.23411187529563904,0.38698486122792264,0.5780590717299579,0.06654751892346511
0.23611347377300262,0.38698486122792264,0.580168776371308,0.06654751892346511
0.23874002695083618,0.38698486122792264,0.5822784810126582,0.06654751892346511
0.2396787852048874,0.3881412952060555,0.5822784810126582,0.06770395290159797
0.2399939000606537,0.3881412952060555,0.5843881856540084,0.06770395290159797
0.2413874715566635,0.3881412952060555,0.5864978902953587,0.06770395290159797
0.2501972019672394,0.3878259041211102,0.5864978902953587,0.06738856181665265
0.2583216428756714,0.3881412952060555,0.5864978902953587,0.06770395290159797
0.26167726516723633,0.38898233809924304,0.5864978902953587,0.06854499579478551
0.2646922469139099,0.38982338099243063,0.5864978902953587,0.0693860386879731
0.266631543636322,0.3904541631623213,0.5864978902953587,0.07001682085786376
0.2726373076438904,0.3911900756938604,0.5864978902953587,0.07075273338940286
0.2775845229625702,0.39182085786375104,0.5864978902953587,0.07138351555929351
0.280170738697052,0.3917157275021026,0.5864978902953587,0.07127838519764507
0.28302350640296936,0.3917157275021026,0.5886075949367089,0.07127838519764507
0.28569212555885315,0.3922413793103448,0.5886075949367089,0.07180403700588728
0.2877410352230072,0.39266190075693863,0.5886075949367089,0.0722245584524811
0.2898139953613281,0.39266190075693863,0.5907172995780591,0.0722245584524811
0.2914758026599884,0.39234650967199325,0.5907172995780591,0.07190916736753572
0.29281508922576904,0.3928721614802355,0.5907172995780591,0.07243481917577799
0.29510170221328735,0.39392346509671994,0.5907172995780591,0.07348612279226241
0.2993916869163513,0.39392346509671994,0.5928270042194093,0.07348612279226241
0.30881965160369873,0.39392346509671994,0.5949367088607594,0.07348612279226241
0.3152227997779846,0.39392346509671994,0.5970464135021097,0.07348612279226241
0.31667011976242065,0.39392346509671994,0.5991561181434599,0.07348612279226241
0.319131076335907,0.39392346509671994,0.6012658227848101,0.07348612279226241
0.3259683847427368,0.3943439865433137,0.6012658227848101,0.07390664423885618
0.3372373878955841,0.3943439865433137,0.6033755274261603,0.07390664423885618
0.34462833404541016,0.3950798990748528,0.6033755274261603,0.07464255677039527
0.3482273817062378,0.3959209419680404,0.6033755274261603,0.07548359966358287
0.3512996435165405,0.3962363330529857,0.6033755274261603,0.0757989907485282
0.35815295577049255,0.3962363330529857,0.6054852320675106,0.0757989907485282
0.3675665259361267,0.3969722455845248,0.6054852320675106,0.07653490328006729
0.37402039766311646,0.3973927670311186,0.6054852320675106,0.07695542472666106
0.3779813051223755,0.3973927670311186,0.6075949367088608,0.07695542472666106
0.38159236311912537,0.3973927670311186,0.609704641350211,0.07695542472666106
0.38466379046440125,0.3973927670311186,0.609704641350211,0.07695542472666106
0.386083722114563,0.39781328847771236,0.609704641350211,0.07737594617325483
0.3905327320098877,0.3979184188393608,0.609704641350211,0.07748107653490327
0.39622193574905396,0.39875946173254834,0.609704641350211,0.07832211942809081
0.39835265278816223,0.39917998317914216,0.609704641350211,0.07874264087468463
0.3996766209602356,0.39960050462573593,0.609704641350211,0.0791631623212784
0.4021962285041809,0.3994953742640875,0.609704641350211,0.07905803195962996
0.40461045503616333,0.3994953742640875,0.6118143459915611,0.07905803195962996
0.41184186935424805,0.3994953742640875,0.6118143459915611,0.07905803195962996
0.42146286368370056,0.3994953742640875,0.6139240506329114,0.07905803195962996
0.4255700409412384,0.3994953742640875,0.6160337552742616,0.07905803195962996
0.4292892515659332,0.3994953742640875,0.6181434599156118,0.07905803195962996
0.4394119381904602,0.39991589571068126,0.6181434599156118,0.07947855340622373
0.4467737078666687,0.4005466778805719,0.6181434599156118,0.08010933557611438
0.4499362111091614,0.4010723296888141,0.6181434599156118,0.0806349873843566
0.45413416624069214,0.4010723296888141,0.620253164556962,0.0806349873843566
0.4562924802303314,0.40191337258200166,0.620253164556962,0.08147603027754413
0.4593617916107178,0.4024390243902439,0.620253164556962,0.0820016820857864
0.4679111838340759,0.4024390243902439,0.6223628691983122,0.0820016820857864
0.4759259819984436,0.40275441547518925,0.6223628691983122,0.08231707317073172
0.4790569245815277,0.40275441547518925,0.6244725738396625,0.08231707317073172
0.48063504695892334,0.4038057190916737,0.6244725738396625,0.08336837678721615
0.4825959801673889,0.4038057190916737,0.6265822784810127,0.08336837678721615
0.4875337779521942,0.4038057190916737,0.6286919831223629,0.08336837678721615
0.49140703678131104,0.4038057190916737,0.630801687763713,0.08336837678721615
0.4962887167930603,0.404121110176619,0.630801687763713,0.08368376787216147
0.5018323659896851,0.404121110176619,0.6329113924050633,0.08368376787216147
0.5036801099777222,0.404121110176619,0.6350210970464135,0.08368376787216147
0.5047051906585693,0.404121110176619,0.6371308016877637,0.08368376787216147
0.5085049867630005,0.40422624053826745,0.6371308016877637,0.08378889823380992
0.512313961982727,0.4039108494533221,0.6371308016877637,0.08347350714886459
0.5138244032859802,0.404121110176619,0.6371308016877637,0.08368376787216147
0.5157303214073181,0.40422624053826745,0.6371308016877637,0.08378889823380992
0.5173990726470947,0.40422624053826745,0.6392405063291139,0.08378889823380992
0.519910454750061,0.4048570227081581,0.6392405063291139,0.08441968040370057
0.5218137502670288,0.4048570227081581,0.6413502109704642,0.08441968040370057
0.5242419242858887,0.4051724137931034,0.6413502109704642,0.0847350714886459
0.5290263891220093,0.40527754415475187,0.6413502109704642,0.08484020185029434
0.5322763919830322,0.4051724137931034,0.6413502109704642,0.0847350714886459
0.5331584215164185,0.4051724137931034,0.6413502109704642,0.0847350714886459
0.5347087979316711,0.4051724137931034,0.6434599156118144,0.0847350714886459
0.5373684167861938,0.40611858704793946,0.6434599156118144,0.08568124474348193
0.5392046570777893,0.4071698906644239,0.6434599156118144,0.08673254835996635
0.5399466753005981,0.4071698906644239,0.6455696202531646,0.08673254835996635
0.5411641001701355,0.40811606391925986,0.6455696202531646,0.08767872161480234
0.5424692034721375,0.4086417157275021,0.6455696202531646,0.08820437342304455
0.5435391664505005,0.40948275862068967,0.6455696202531646,0.08904541631623214
0.5473597049713135,0.40948275862068967,0.6476793248945147,0.08904541631623214
0.5518937110900879,0.40948275862068967,0.6497890295358649,0.08904541631623214
0.5541039705276489,0.40948275862068967,0.6518987341772152,0.08904541631623214
0.5586186051368713,0.40948275862068967,0.6540084388185654,0.08904541631623214
0.5631586909294128,0.40948275862068967,0.6561181434599156,0.08904541631623214
0.5647025108337402,0.40948275862068967,0.6561181434599156,0.08904541631623214
0.5676151514053345,0.40990328006728344,0.6561181434599156,0.08946593776282591
0.5735500454902649,0.4103238015138772,0.6561181434599156,0.08988645920941968
0.5806177854537964,0.41095458368376786,0.6561181434599156,0.09051724137931033
0.5856619477272034,0.41095458368376786,0.6582278481012658,0.09051724137931033
0.5953132510185242,0.41095458368376786,0.6603375527426161,0.09051724137931033
0.6031622290611267,0.41148023549201007,0.6603375527426161,0.09104289318755254
0.6114434003829956,0.4119007569386039,0.6603375527426161,0.09146341463414637
0.6222634315490723,0.4128469301934399,0.6603375527426161,0.09240958788898235
0.6278198957443237,0.4128469301934399,0.6603375527426161,0.09240958788898235
0.6323590278625488,0.4136879730866274,0.6603375527426161,0.09325063078216989
0.636451244354248,0.41379310344827586,0.6603375527426161,0.09335576114381833
0.6417398452758789,0.41379310344827586,0.6624472573839663,0.09335576114381833
0.6451239585876465,0.41473927670311184,0.6624472573839663,0.09430193439865431
0.649381160736084,0.4152649285113541,0.6624472573839663,0.09482758620689657
0.6532240509986877,0.4156854499579479,0.6624472573839663,0.09524810765349034
0.6575392484664917,0.4156854499579479,0.6624472573839663,0.09524810765349034
0.6623284816741943,0.4149495374264087,0.6624472573839663,0.09451219512195119
0.6684585809707642,0.4149495374264087,0.6645569620253164,0.09451219512195119
0.6740936040878296,0.4149495374264087,0.6666666666666666,0.09451219512195119
0.6769269704818726,0.4149495374264087,0.6687763713080169,0.09451219512195119
0.6807790994644165,0.41537005887300255,0.6687763713080169,0.09493271656854502
0.6820107698440552,0.41537005887300255,0.6708860759493671,0.09493271656854502
0.6846606731414795,0.4162111017661901,0.6708860759493671,0.09577375946173255
0.6875495910644531,0.4162111017661901,0.6708860759493671,0.09577375946173255
0.689464807510376,0.4170521446593776,0.6708860759493671,0.09661480235492009
0.692629873752594,0.4174726661059714,0.6708860759493671,0.09703532380151386
0.6957062482833862,0.4174726661059714,0.6729957805907173,0.09703532380151386
0.6984987258911133,0.4174726661059714,0.6751054852320675,0.09703532380151386
0.702030599117279,0.41789318755256516,0.6751054852320675,0.09745584524810763
0.7061015367507935,0.41789318755256516,0.6751054852320675,0.09745584524810763
0.7098034620285034,0.41789318755256516,0.6772151898734177,0.09745584524810763
0.7123468518257141,0.41789318755256516,0.6772151898734177,0.09745584524810763
0.7162259817123413,0.4186291000841043,0.6772151898734177,0.09819175777964678
0.7222659587860107,0.41925988225399496,0.6772151898734177,0.09882253994953744
0.7301082611083984,0.42020605550883094,0.6772151898734177,0.09976871320437342
0.7352718710899353,0.4208368376787216,0.6772151898734177,0.10039949537426407
0.7358385324478149,0.4208368376787216,0.679324894514768,0.10039949537426407
0.737915575504303,0.42125735912531537,0.679324894514768,0.10082001682085784
0.7400705814361572,0.42178301093355763,0.679324894514768,0.1013456686291001
0.7410736083984375,0.4224137931034483,0.679324894514768,0.10197645079899076
0.7453626990318298,0.4224137931034483,0.6814345991561181,0.10197645079899076
0.7502070069313049,0.42283431455004206,0.6814345991561181,0.10239697224558453
0.7519984245300293,0.42283431455004206,0.6835443037974683,0.10239697224558453
0.7544699907302856,0.4246215306980656,0.6835443037974683,0.10418418839360805
0.7572951316833496,0.4250420521446594,0.6835443037974683,0.10460470984020187
0.7590140700340271,0.4250420521446594,0.6835443037974683,0.10460470984020187
0.760572612285614,0.4250420521446594,0.6856540084388185,0.10460470984020187
0.7654774188995361,0.42567283431455005,0.6856540084388185,0.10523549201009252
0.7701398134231567,0.4259882253994954,0.6856540084388185,0.10555088309503785
0.7715955376625061,0.4263036164844407,0.6856540084388185,0.10586627417998318
0.7727150321006775,0.42714465937762824,0.6856540084388185,0.10670731707317072
0.777848482131958,0.4268292682926829,0.6856540084388185,0.10639192598822539
0.7840766906738281,0.4268292682926829,0.6877637130801688,0.10639192598822539
0.7865923643112183,0.42735492010092513,0.6877637130801688,0.1069175777964676
0.7878721952438354,0.4281959629941127,0.6877637130801688,0.1077586206896552
0.7884140014648438,0.4281959629941127,0.689873417721519,0.1077586206896552
0.7916268110275269,0.4281959629941127,0.6919831223628692,0.1077586206896552
0.7951624989509583,0.4291421362489487,0.6919831223628692,0.10870479394449117
0.7976747751235962,0.4298780487804878,0.6919831223628692,0.10944070647603027
0.8005961179733276,0.43029857022708157,0.6919831223628692,0.10986122792262404
0.8018120527267456,0.43103448275862066,0.6919831223628692,0.11059714045416313
0.803496778011322,0.43208578637510514,0.6919831223628692,0.11164844407064761
0.8050409555435181,0.4327165685449958,0.6919831223628692,0.11227922624053827
0.8051449060440063,0.4337678721614802,0.6919831223628692,0.11333052985702269
0.8097520470619202,0.4337678721614802,0.6940928270042194,0.11333052985702269
0.8172377943992615,0.4337678721614802,0.6962025316455697,0.11333052985702269
0.8207513093948364,0.4337678721614802,0.6983122362869199,0.11333052985702269
0.8221111297607422,0.43334735071488645,0.6983122362869199,0.11291000841042892
0.8254029750823975,0.4334524810765349,0.6983122362869199,0.11301513877207736
0.8286325931549072,0.4334524810765349,0.70042194092827,0.11301513877207736
0.8297881484031677,0.4336627417998318,0.70042194092827,0.11322539949537425
0.8305732607841492,0.4343986543313709,0.70042194092827,0.1139613120269134
0.8312185406684875,0.4353448275862069,0.70042194092827,0.11490748528174938
0.8348113298416138,0.43618587047939444,0.70042194092827,0.11574852817493692
0.84015953540802,0.43618587047939444,0.7025316455696202,0.11574852817493692
0.8450113534927368,0.4368166526492851,0.7025316455696202,0.11637931034482757
0.8490643501281738,0.4368166526492851,0.7046413502109705,0.11637931034482757
0.8510379791259766,0.4368166526492851,0.7067510548523207,0.11637931034482757
0.8522428274154663,0.4368166526492851,0.7088607594936709,0.11637931034482757
0.853083610534668,0.4368166526492851,0.7109704641350211,0.11637931034482757
0.8543617725372314,0.4371320437342304,0.7109704641350211,0.1166947014297729
0.8556123375892639,0.4371320437342304,0.7130801687763713,0.1166947014297729
0.8567354083061218,0.437973086627418,0.7130801687763713,0.11753574432296049
0.8577686548233032,0.437973086627418,0.7130801687763713,0.11753574432296049
0.8584743738174438,0.438919259882254,0.7130801687763713,0.11848191757779647
0.8605902194976807,0.4392346509671993,0.7130801687763713,0.1187973086627418
0.864464282989502,0.43955004205214465,0.7130801687763713,0.11911269974768712
0.8667843341827393,0.43933978132884777,0.7130801687763713,0.11890243902439024
0.8673853874206543,0.43986543313709,0.7130801687763713,0.11942809083263245
0.8684433698654175,0.4406013456686291,0.7130801687763713,0.12016400336417155
0.8692711591720581,0.440811606391926,0.7130801687763713,0.12037426408746849
0.8695785403251648,0.4412321278385198,0.7130801687763713,0.12079478553406225
0.869912326335907,0.4412321278385198,0.7151898734177216,0.12079478553406225
0.8706477880477905,0.4420731707317073,0.7151898734177216,0.12163582842724979
0.8711585998535156,0.442703952901598,0.7151898734177216,0.12226661059714045
0.8716893196105957,0.442703952901598,0.7172995780590717,0.12226661059714045
0.8726770877838135,0.4430193439865433,0.7172995780590717,0.12258200168208577
0.8744361996650696,0.44396551724137934,0.7172995780590717,0.12352817493692181
0.8762439489364624,0.44543734230445753,0.7172995780590717,0.125
0.8777703046798706,0.44543734230445753,0.7194092827004219,0.125
0.8789242506027222,0.44554247266610597,0.7194092827004219,0.12510513036164844
0.8792774677276611,0.44554247266610597,0.7215189873417721,0.12510513036164844
0.8795772790908813,0.44554247266610597,0.7236286919831224,0.12510513036164844
0.8804439306259155,0.44648864592094195,0.7236286919831224,0.12605130361648442
0.8811836242675781,0.44648864592094195,0.7257383966244726,0.12605130361648442
0.8868916630744934,0.44648864592094195,0.7278481012658228,0.12605130361648442
0.8926003575325012,0.44627838519764507,0.7278481012658228,0.12584104289318754
0.893503725528717,0.44627838519764507,0.729957805907173,0.12584104289318754
0.8944599628448486,0.44627838519764507,0.7320675105485233,0.12584104289318754
0.8962584733963013,0.44648864592094195,0.7320675105485233,0.12605130361648442
0.8982227444648743,0.44648864592094195,0.7341772151898734,0.12605130361648442
0.8987236022949219,0.4472245584524811,0.7341772151898734,0.12678721614802357
0.899125874042511,0.4472245584524811,0.7362869198312236,0.12678721614802357
0.9002845287322998,0.4472245584524811,0.7362869198312236,0.12678721614802357
0.9013432264328003,0.44764507989907487,0.7362869198312236,0.12720773759461734
0.9016021490097046,0.44785534062237176,0.7362869198312236,0.12741799831791423
0.9019253253936768,0.4472245584524811,0.7362869198312236,0.12678721614802357
0.9020901918411255,0.44838099243061397,0.7362869198312236,0.12794365012615644
0.9028024673461914,0.44911690496215306,0.7362869198312236,0.12867956265769553
0.9036957025527954,0.44880151387720774,0.7362869198312236,0.1283641715727502
0.9043519496917725,0.44932716568544995,0.7362869198312236,0.12888982338099242
0.9055541753768921,0.44932716568544995,0.7383966244725738,0.12888982338099242
0.9067058563232422,0.4499579478553406,0.7383966244725738,0.12952060555088307
0.9084937572479248,0.45069386038687975,0.7383966244725738,0.13025651808242222
0.9102921485900879,0.45142977291841885,0.7383966244725738,0.13099243061396132
0.9116954207420349,0.45121951219512196,0.7383966244725738,0.13078216989066443
0.9127611517906189,0.4515349032800673,0.7383966244725738,0.13109756097560976
0.9136457443237305,0.4515349032800673,0.740506329113924,0.13109756097560976
0.9148727655410767,0.4515349032800673,0.7426160337552743,0.13109756097560976
0.915398120880127,0.4515349032800673,0.7447257383966245,0.13109756097560976
0.9159905910491943,0.4515349032800673,0.7468354430379747,0.13109756097560976
0.9175980091094971,0.4515349032800673,0.7489451476793249,0.13109756097560976
0.9202038049697876,0.4515349032800673,0.7489451476793249,0.13109756097560976
0.9223778247833252,0.45269133725820015,0.7489451476793249,0.13225399495374263
0.9231516718864441,0.4531118587047939,0.7489451476793249,0.1326745164003364
0.9233905673027039,0.45374264087468463,0.7489451476793249,0.1333052985702271
0.9251083135604858,0.4543734230445753,0.7489451476793249,0.13393608074011776
0.9281125068664551,0.4551093355761144,0.7489451476793249,0.13467199327165685
0.9298143982887268,0.4551093355761144,0.7510548523206751,0.13467199327165685
0.9302014112472534,0.45552985702270815,0.7510548523206751,0.13509251471825062
0.9304378032684326,0.4561606391925988,0.7510548523206751,0.13572329688814128
0.9308173060417175,0.4561606391925988,0.7531645569620253,0.13572329688814128
0.9311612248420715,0.4561606391925988,0.7552742616033755,0.13572329688814128
0.9314395189285278,0.456686291000841,0.7552742616033755,0.1362489486963835
0.9330053329467773,0.456686291000841,0.7573839662447257,0.1362489486963835
0.9354485273361206,0.4567914213624895,0.7573839662447257,0.13635407905803199
0.9368722438812256,0.4567914213624895,0.759493670886076,0.13635407905803199
0.9379522204399109,0.4567914213624895,0.7616033755274262,0.13635407905803199
0.939171552658081,0.4577375946173255,0.7616033755274262,0.13730025231286797
0.9396705627441406,0.45857863751051303,0.7616033755274262,0.1381412952060555
0.9400588870048523,0.459524810765349,0.7616033755274262,0.13908746846089148
0.9408687949180603,0.459524810765349,0.7637130801687764,0.13908746846089148
0.941359281539917,0.46047098402018505,0.7637130801687764,0.14003364171572752
0.9433186054229736,0.4611017661900757,0.7637130801687764,0.14066442388561817
0.9459351301193237,0.4603658536585366,0.7637130801687764,0.13992851135407908
0.9466561675071716,0.4603658536585366,0.7658227848101266,0.13992851135407908
0.9470340013504028,0.4603658536585366,0.7679324894514767,0.13992851135407908
0.9475674629211426,0.4613120269133726,0.7679324894514767,0.14087468460891506
0.9478615522384644,0.46225820016820857,0.7679324894514767,0.14182085786375104
0.9482421278953552,0.4627838519764508,0.7679324894514767,0.14234650967199325
0.9486392736434937,0.4627838519764508,0.770042194092827,0.14234650967199325
0.9496052861213684,0.4627838519764508,0.7721518987341772,0.14234650967199325
0.9507052302360535,0.4627838519764508,0.7742616033755274,0.14234650967199325
0.9514845609664917,0.4627838519764508,0.7763713080168776,0.14234650967199325
0.9521234035491943,0.46362489486963837,0.7763713080168776,0.14318755256518084
0.9526025056838989,0.4632043734230446,0.7763713080168776,0.14276703111858707
0.9531313180923462,0.4632043734230446,0.7763713080168776,0.14276703111858707
0.9536639451980591,0.4637300252312868,0.7763713080168776,0.14329268292682928
0.9541690945625305,0.46436080740117747,0.7763713080168776,0.14392346509671994
0.9543029069900513,0.4649915895710681,0.7763713080168776,0.1445542472666106
0.9548553824424744,0.4649915895710681,0.7763713080168776,0.1445542472666106
0.9553956985473633,0.4648864592094197,0.7763713080168776,0.14444911690496215
0.9556076526641846,0.46551724137931033,0.7763713080168776,0.1450798990748528
0.9561399221420288,0.46551724137931033,0.7784810126582279,0.1450798990748528
0.9565883278846741,0.46551724137931033,0.7784810126582279,0.1450798990748528
0.9569025039672852,0.466148023549201,0.7784810126582279,0.14571068124474346
0.9572473764419556,0.466148023549201,0.7805907172995781,0.14571068124474346
0.9578167200088501,0.466148023549201,0.7827004219409283,0.14571068124474346
0.9584131240844727,0.4669890664423886,0.7827004219409283,0.14655172413793105
0.9588099718093872,0.4678301093355761,0.7827004219409283,0.1473927670311186
0.959449052810669,0.4678301093355761,0.7848101265822784,0.1473927670311186
0.9602246284484863,0.46846089150546677,0.7848101265822784,0.14802354920100924
0.9606040716171265,0.4690916736753574,0.7848101265822784,0.1486543313708999
0.9607890844345093,0.46972245584524813,0.7848101265822784,0.1492851135407906
0.9609909057617188,0.46972245584524813,0.7848101265822784,0.1492851135407906
0.9610697031021118,0.46972245584524813,0.7869198312236287,0.1492851135407906
0.9611620306968689,0.47056349873843567,0.7869198312236287,0.15012615643397814
0.9614356160163879,0.47056349873843567,0.7890295358649789,0.15012615643397814
0.9619296789169312,0.4711942809083263,0.7890295358649789,0.1507569386038688
0.9625917673110962,0.47203532380151386,0.7890295358649789,0.15159798149705633
0.96351158618927,0.47361227922624055,0.7890295358649789,0.15317493692178302
0.9640589952468872,0.47361227922624055,0.7911392405063291,0.15317493692178302
0.9641188979148865,0.47361227922624055,0.7932489451476793,0.15317493692178302
0.9648109674453735,0.47361227922624055,0.7932489451476793,0.15317493692178302
0.9655168056488037,0.4742430613961312,0.7932489451476793,0.15380571909167368
0.9655883312225342,0.4747687132043734,0.7932489451476793,0.1543313708999159
0.9657644033432007,0.4751892346509672,0.7932489451476793,0.15475189234650966
0.9659887552261353,0.4761354079058032,0.7932489451476793,0.1556980656013457
0.9664653539657593,0.4759251471825063,0.7932489451476793,0.15548780487804875
0.9671669006347656,0.47645079899074855,0.7932489451476793,0.15601345668629102
0.9678822159767151,0.4757148864592094,0.7932489451476793,0.15527754415475187
0.9685581922531128,0.4757148864592094,0.7953586497890295,0.15527754415475187
0.9690819382667542,0.4763456686291001,0.7953586497890295,0.15590832632464258
0.9695566296577454,0.47666105971404543,0.7953586497890295,0.1562237174095879
0.9698325395584106,0.4772918418839361,0.7953586497890295,0.15685449957947856
0.9704375863075256,0.4780277544154752,0.7953586497890295,0.15759041211101765
0.9711209535598755,0.47823801513877207,0.7953586497890295,0.15780067283431454
0.9715796709060669,0.4788687973086627,0.7953586497890295,0.1584314550042052
0.9719067811965942,0.4790790580319596,0.7953586497890295,0.15864171572750208
0.9720469117164612,0.47960470984020187,0.7953586497890295,0.15916736753574434
0.9722039699554443,0.4802354920100925,0.7953586497890295,0.159798149705635
0.9725341796875,0.4801303616484441,0.7953586497890295,0.15969301934398655
0.9729658365249634,0.4804457527333894,0.7953586497890295,0.16000841042893188
0.973833441734314,0.4811816652649285,0.7953586497890295,0.16074432296047098
0.9746377468109131,0.4817073170731707,0.7953586497890295,0.1612699747687132
0.974747896194458,0.4813919259882254,0.7953586497890295,0.16095458368376786
0.9751474857330322,0.4830740117746005,0.7953586497890295,0.162636669470143
0.9756339192390442,0.4837047939444912,0.7953586497890295,0.16326745164003365
0.9759454727172852,0.4837047939444912,0.7974683544303798,0.16326745164003365
0.9766960144042969,0.48391505466778806,0.7974683544303798,0.16347771236333053
0.9775403141975403,0.48391505466778806,0.79957805907173,0.16347771236333053
0.9784605503082275,0.4845458368376787,0.79957805907173,0.16410849453322118
0.9792296886444092,0.48517661900756937,0.79957805907173,0.16473927670311184
0.979454755783081,0.48622792262405384,0.79957805907173,0.16579058031959631
0.9796262979507446,0.48622792262405384,0.79957805907173,0.16579058031959631
0.9797817468643188,0.48601766190075696,0.79957805907173,0.16558031959629943
0.9798588156700134,0.4864381833473507,0.79957805907173,0.1660008410428932
0.9805328845977783,0.4864381833473507,0.8016877637130801,0.1660008410428932
0.9814541339874268,0.48727922624053827,0.8016877637130801,0.16684188393608074
0.9817777276039124,0.4878048780487805,0.8016877637130801,0.16736753574432295
0.9820456504821777,0.48938183347350717,0.8016877637130801,0.16894449116904964
0.9825264811515808,0.49011774600504626,0.8016877637130801,0.16968040370058873
0.9828201532363892,0.4899074852817494,0.8016877637130801,0.16947014297729185
0.9828663468360901,0.49053826745164003,0.8016877637130801,0.1701009251471825
0.9829747080802917,0.49053826745164003,0.8037974683544303,0.1701009251471825
0.983081579208374,0.4909587888982338,0.8037974683544303,0.17052144659377627
0.9833629131317139,0.4909587888982338,0.8059071729957806,0.17052144659377627
0.9836971759796143,0.491484440706476,0.8059071729957806,0.17104709840201848
0.9838106036186218,0.4925357443229605,0.8059071729957806,0.17209840201850296
0.9838605523109436,0.49295626576955426,0.8059071729957806,0.17251892346509673
0.9839491248130798,0.493376787216148,0.8059071729957806,0.1729394449116905
0.9840729832649231,0.4941126997476871,0.8059071729957806,0.1736753574432296
0.9842221736907959,0.4941126997476871,0.8080168776371308,0.1736753574432296
0.984390377998352,0.49463835155592933,0.8080168776371308,0.1742010092514718
0.9846653342247009,0.49463835155592933,0.8080168776371308,0.1742010092514718
0.9848601818084717,0.49516400336417155,0.8080168776371308,0.17472666105971402
0.9848685264587402,0.49579478553406225,0.8080168776371308,0.17535744322960473
0.9848875999450684,0.49579478553406225,0.810126582278481,0.17535744322960473
0.9849010705947876,0.49579478553406225,0.8122362869198312,0.17535744322960473
0.9852532148361206,0.49579478553406225,0.8122362869198312,0.17535744322960473
0.9858874082565308,0.496215306980656,0.8122362869198312,0.1757779646761985
0.9863966107368469,0.4966358284272498,0.8122362869198312,0.17619848612279226
0.9866236448287964,0.4968460891505467,0.8122362869198312,0.17640874684608915
0.9866271615028381,0.4968460891505467,0.8122362869198312,0.17640874684608915
0.9866708517074585,0.4975820016820858,0.8122362869198312,0.17714465937762824
0.9868272542953491,0.49705634987384356,0.8122362869198312,0.17661900756938603
0.9869641661643982,0.49747687132043733,0.8122362869198312,0.1770395290159798
0.9870316982269287,0.4978973927670311,0.8122362869198312,0.17746005046257357
0.9870805144309998,0.4978973927670311,0.8143459915611815,0.17746005046257357
0.9871113300323486,0.498107653490328,0.8143459915611815,0.17767031118587046
0.9872900247573853,0.49779226240538266,0.8143459915611815,0.17735492010092513
0.987642228603363,0.4982127838519764,0.8143459915611815,0.1777754415475189
0.9879623055458069,0.4992640874684609,0.8143459915611815,0.17882674516400338
0.9884341359138489,0.4992640874684609,0.8164556962025317,0.17882674516400338
0.9889135360717773,0.4996846089150547,0.8164556962025317,0.17924726661059714
0.9890449047088623,0.5004205214465938,0.8164556962025317,0.17998317914213624
0.989078164100647,0.5004205214465938,0.8185654008438819,0.17998317914213624
0.98918616771698,0.5004205214465938,0.8185654008438819,0.17998317914213624
0.9893198013305664,0.5013666947014298,0.8185654008438819,0.18092935239697228
0.9894542098045349,0.5022077375946173,0.8185654008438819,0.18177039529015981
0.9895442724227905,0.5026282590412111,0.8185654008438819,0.18219091673675358
0.989732027053833,0.5033641715727503,0.8185654008438819,0.18292682926829273
0.9899370670318604,0.5033641715727503,0.820675105485232,0.18292682926829273
0.9900848865509033,0.5042052144659378,0.820675105485232,0.18376787216148027
0.990263044834137,0.5043103448275862,0.820675105485232,0.18387300252312866
0.9903749227523804,0.5046257359125316,0.820675105485232,0.18418839360807404
0.9904661178588867,0.5055719091673675,0.820675105485232,0.18513456686290997
0.9906712770462036,0.5074642556770396,0.820675105485232,0.18702691337258204
0.9909012913703918,0.5084104289318755,0.820675105485232,0.18797308662741796
0.9911025762557983,0.5084104289318755,0.8227848101265823,0.18797308662741796
0.9912457466125488,0.5084104289318755,0.8248945147679325,0.18797308662741796
0.991389274597168,0.509251471825063,0.8248945147679325,0.1888141295206055
0.9916363954544067,0.5096719932716569,0.8248945147679325,0.18923465096719938
0.991753339767456,0.5096719932716569,0.8270042194092827,0.18923465096719938
0.9918266534805298,0.5096719932716569,0.8270042194092827,0.18923465096719938
0.9919320344924927,0.5106181665264928,0.8270042194092827,0.1901808242220353
0.9920440912246704,0.5106181665264928,0.8291139240506329,0.1901808242220353
0.9921833276748657,0.5129310344827587,0.8291139240506329,0.19249369217830115
0.9922878742218018,0.5129310344827587,0.8312236286919831,0.19249369217830115
0.9923868179321289,0.5129310344827587,0.8333333333333334,0.19249369217830115
0.9925311207771301,0.5131412952060556,0.8333333333333334,0.19270395290159803
0.9926226139068604,0.5131412952060556,0.8354430379746836,0.19270395290159803
0.9926393032073975,0.5131412952060556,0.8354430379746836,0.19270395290159803
0.992651104927063,0.5137720773759462,0.8354430379746836,0.19333473507148868
0.9926637411117554,0.5137720773759462,0.8354430379746836,0.19333473507148868
0.9926769733428955,0.5139823380992431,0.8354430379746836,0.19354499579478557
0.9927494525909424,0.5139823380992431,0.8375527426160337,0.19354499579478557
0.9928648471832275,0.5144028595458369,0.8375527426160337,0.19396551724137934
0.9930216073989868,0.5148233809924306,0.8375527426160337,0.1943860386879731
0.9931947588920593,0.5148233809924306,0.8375527426160337,0.1943860386879731
0.9932761192321777,0.5153490328006728,0.8375527426160337,0.19491169049621526
0.9933209419250488,0.5157695542472666,0.8375527426160337,0.19533221194280903
0.9933800101280212,0.5157695542472666,0.8375527426160337,0.19533221194280903
0.9934864044189453,0.5166105971404542,0.8375527426160337,0.19617325483599668
0.993578314781189,0.517031118587048,0.8375527426160337,0.19659377628259045
0.9936051368713379,0.517767031118587,0.8375527426160337,0.1973296888141295
0.9936257004737854,0.5186080740117746,0.8375527426160337,0.19817073170731703
0.9936482906341553,0.5190285954583683,0.8375527426160337,0.1985912531539108
0.993762731552124,0.5190285954583683,0.8375527426160337,0.1985912531539108
0.993898868560791,0.519869638351556,0.8375527426160337,0.19943229604709845
0.9939396977424622,0.520605550883095,0.8375527426160337,0.20016820857863749
0.9939839243888855,0.5212363330529857,0.8375527426160337,0.20079899074852814
0.9940882325172424,0.5210260723296888,0.8375527426160337,0.20058873002523125
0.9942144155502319,0.5217619848612279,0.8375527426160337,0.2013246425567704
0.9942894577980042,0.5217619848612279,0.8396624472573839,0.2013246425567704
0.9944294691085815,0.5217619848612279,0.8396624472573839,0.2013246425567704
0.9946784377098083,0.5224978973927671,0.8396624472573839,0.20206055508830956
0.9948724508285522,0.523444070647603,0.8396624472573839,0.20300672834314548
0.9950159788131714,0.5241799831791422,0.8396624472573839,0.20374264087468463
0.995097279548645,0.5241799831791422,0.8417721518987342,0.20374264087468463
0.9951105713844299,0.5241799831791422,0.8438818565400844,0.20374264087468463
0.9951332807540894,0.5247056349873843,0.8438818565400844,0.2042682926829268
0.9951972961425781,0.5255466778805719,0.8438818565400844,0.20510933557611433
0.9953098297119141,0.5255466778805719,0.8459915611814346,0.20510933557611433
0.9953905940055847,0.5255466778805719,0.8481012658227848,0.20510933557611433
0.9954683780670166,0.5259671993271657,0.8481012658227848,0.2055298570227082
0.9955319166183472,0.5267031118587048,0.8481012658227848,0.20626576955424725
0.9955834150314331,0.5267031118587048,0.8502109704641351,0.20626576955424725
0.9956903457641602,0.5273338940285954,0.8502109704641351,0.2068965517241379
0.9957523941993713,0.5275441547518923,0.8502109704641351,0.20710681244743478
0.9959183931350708,0.5273338940285954,0.8502109704641351,0.2068965517241379
0.9961841106414795,0.5280698065601346,0.8502109704641351,0.20763246425567705
0.9963211417198181,0.5280698065601346,0.8523206751054853,0.20763246425567705
0.9963650703430176,0.5280698065601346,0.8523206751054853,0.20763246425567705
0.9963784217834473,0.5279646761984861,0.8523206751054853,0.20752733389402855
0.9963870644569397,0.5279646761984861,0.8544303797468354,0.20752733389402855
0.9964230060577393,0.5279646761984861,0.8565400843881856,0.20752733389402855
0.9964683055877686,0.5279646761984861,0.8586497890295358,0.20752733389402855
0.9965060949325562,0.5275441547518923,0.8586497890295358,0.20710681244743478
0.9966189861297607,0.5285954583683767,0.8586497890295358,0.2081581160639192
0.9967195987701416,0.5292262405382675,0.8586497890295358,0.20878889823380997
0.9967628717422485,0.5287005887300252,0.8586497890295358,0.2082632464255677
0.9968208074569702,0.5298570227081582,0.8586497890295358,0.20941968040370063
0.9968511462211609,0.5305929352396972,0.8586497890295358,0.21015559293523967
0.9968925714492798,0.5316442388561816,0.8586497890295358,0.2112068965517241
0.996973991394043,0.5325904121110177,0.8586497890295358,0.21215306980656012
0.9970362186431885,0.5330109335576114,0.8586497890295358,0.2125735912531539
0.9970513582229614,0.5339571068124475,0.8586497890295358,0.21351976450798993
0.9970523715019226,0.5345878889823381,0.8586497890295358,0.21415054667788058
0.997084379196167,0.5351135407905803,0.8586497890295358,0.21467619848612274
0.9971176981925964,0.5359545836837679,0.8586497890295358,0.2155172413793104
0.9971319437026978,0.5362699747687132,0.8586497890295358,0.21583263246425566
0.9971529245376587,0.5370058873002523,0.8586497890295358,0.2165685449957948
0.9971942901611328,0.5379520605550883,0.8586497890295358,0.21751471825063073
0.9972339868545532,0.5386879730866274,0.8586497890295358,0.21825063078216989
0.9972422122955322,0.5397392767031118,0.8586497890295358,0.2193019343986543
0.9972500801086426,0.5401597981497056,0.8586497890295358,0.21972245584524808
0.9972628951072693,0.5406854499579479,0.8586497890295358,0.22024810765349034
0.9972983598709106,0.5406854499579479,0.8586497890295358,0.22024810765349034
0.9973335266113281,0.5415264928511354,0.8586497890295358,0.22108915054667788
0.9973543882369995,0.5434188393608074,0.8586497890295358,0.22298149705634984
0.9974004030227661,0.5441547518923465,0.8586497890295358,0.223717409587889
0.9974555373191833,0.5441547518923465,0.8586497890295358,0.223717409587889
0.9975361227989197,0.5438393608074011,0.8586497890295358,0.2234020185029436
0.9976209998130798,0.5438393608074011,0.8586497890295358,0.2234020185029436
0.9977304935455322,0.5443650126156434,0.8586497890295358,0.22392767031118588
0.9978152513504028,0.5448906644238857,0.8586497890295358,0.22445332211942814
0.9978222250938416,0.5462573591253154,0.8586497890295358,0.22582001682085784
0.997863233089447,0.5464676198486123,0.8586497890295358,0.22603027754415472
0.9979138374328613,0.546888141295206,0.8586497890295358,0.2264507989907485
0.9979374408721924,0.546888141295206,0.8586497890295358,0.2264507989907485
0.9979709386825562,0.5479394449116904,0.8586497890295358,0.22750210260723291
0.997995138168335,0.5483599663582843,0.8586497890295358,0.2279226240538268
0.9980015158653259,0.5487804878048781,0.8586497890295358,0.22834314550042056
0.9980536699295044,0.5486753574432296,0.8586497890295358,0.22823801513877207
0.99811851978302,0.5494112699747687,0.8586497890295358,0.22897392767031122
0.9981431365013123,0.549726661059714,0.8586497890295358,0.2292893187552565
0.9981739521026611,0.55067283431455,0.8586497890295358,0.23023549201009252
0.9982274770736694,0.5511984861227922,0.8586497890295358,0.23076114381833468
0.9982605576515198,0.5511984861227922,0.8607594936708861,0.23076114381833468
0.9982701539993286,0.5511984861227922,0.8628691983122363,0.23076114381833468
0.9982956647872925,0.5516190075693861,0.8628691983122363,0.23118166526492856
0.9983168840408325,0.5516190075693861,0.8628691983122363,0.23118166526492856
0.9983218908309937,0.5516190075693861,0.8649789029535865,0.23118166526492856
0.9983278512954712,0.551829268292683,0.8649789029535865,0.23139192598822544
0.9983391761779785,0.5515138772077376,0.8649789029535865,0.23107653490328006
0.9983668327331543,0.5521446593776282,0.8649789029535865,0.23170731707317072
0.9983915090560913,0.5517241379310345,0.8649789029535865,0.23128679562657695
0.9983999729156494,0.5514087468460892,0.8649789029535865,0.23097140454163168
0.9984035491943359,0.5523549201009251,0.8649789029535865,0.2319175777964676
0.9984105825424194,0.5522497897392767,0.8649789029535865,0.2318124474348192
0.9984203577041626,0.5530908326324643,0.8649789029535865,0.23265349032800675
0.998428463935852,0.5538267451640033,0.8649789029535865,0.2333894028595458
0.9984362125396729,0.5542472666105971,0.8649789029535865,0.23380992430613956
0.9984521865844727,0.5542472666105971,0.8670886075949367,0.23380992430613956
0.9984687566757202,0.5547729184188394,0.8670886075949367,0.23433557611438183
0.998476505279541,0.5551934398654331,0.8670886075949367,0.2347560975609756
0.9985026717185974,0.5552985702270816,0.8670886075949367,0.2348612279226241
0.9985271692276001,0.5552985702270816,0.869198312236287,0.2348612279226241
0.9985352754592896,0.5555088309503785,0.869198312236287,0.23507148864592098
0.9985585808753967,0.5559293523969723,0.869198312236287,0.23549201009251475
0.9985858201980591,0.5562447434819175,0.869198312236287,0.23580740117746002
0.9986114501953125,0.5574011774600505,0.869198312236287,0.23696383515559294
0.9986355304718018,0.5578216989066442,0.869198312236287,0.2373843566021867
0.9986462593078613,0.5586627417998318,0.869198312236287,0.23822539949537425
0.9986522197723389,0.5586627417998318,0.8713080168776371,0.23822539949537425
0.9986648559570312,0.5588730025231287,0.8713080168776371,0.23843566021867113
0.9986875653266907,0.5595037846930193,0.8713080168776371,0.23906644238856178
0.9987056851387024,0.5597140454163162,0.8713080168776371,0.23927670311185867
0.9987108707427979,0.5600294365012616,0.8713080168776371,0.23959209419680405
0.9987213611602783,0.5600294365012616,0.8734177215189873,0.23959209419680405
0.9987371563911438,0.5604499579478553,0.8734177215189873,0.24001261564339782
0.9987473487854004,0.561080740117746,0.8734177215189873,0.24064339781328847
0.9987555742263794,0.5619217830109335,0.8734177215189873,0.241484440706476
0.9987913370132446,0.5619217830109335,0.8734177215189873,0.241484440706476
0.9988244771957397,0.5627628259041211,0.8734177215189873,0.24232548359966355
0.998836874961853,0.5634987384356602,0.8734177215189873,0.2430613961312027
0.9988481402397156,0.5634987384356602,0.8755274261603375,0.2430613961312027
0.9988505840301514,0.5641295206055509,0.8755274261603375,0.24369217830109335
0.9988581538200378,0.5643397813288478,0.8755274261603375,0.24390243902439024
0.998869776725769,0.5650756938603869,0.8755274261603375,0.2446383515559294
0.998882532119751,0.5657064760302776,0.8755274261603375,0.24526913372582004
0.9988913536071777,0.5666526492851135,0.8755274261603375,0.24621530698065597
0.9988950490951538,0.5666526492851135,0.8755274261603375,0.24621530698065597
0.998901903629303,0.5666526492851135,0.8776371308016878,0.24621530698065597
0.9989100694656372,0.5673885618166526,0.8776371308016878,0.24695121951219512
0.9989393949508667,0.568650126156434,0.8776371308016878,0.24821278385197643
0.9989795684814453,0.5691757779646762,0.8776371308016878,0.2487384356602187
0.9989952445030212,0.5700168208578638,0.8776371308016878,0.24957947855340623
0.9990074634552002,0.5698065601345669,0.8776371308016878,0.24936921783010935
0.9990244507789612,0.5709629941126998,0.8776371308016878,0.25052565180824227
0.9990313649177551,0.571488645920942,0.8776371308016878,0.2510513036164844
0.9990394115447998,0.5721194280908326,0.8776371308016878,0.2516820857863751
0.999052107334137,0.5725399495374264,0.8776371308016878,0.25210260723296884
0.9990642070770264,0.5725399495374264,0.879746835443038,0.25210260723296884
0.9990767240524292,0.573170731707317,0.879746835443038,0.2527333894028595
0.9990904331207275,0.5728553406223718,0.879746835443038,0.2524179983179142
0.999106764793396,0.5728553406223718,0.8818565400843882,0.2524179983179142
0.9991151690483093,0.5738015138772078,0.8818565400843882,0.25336417157275026
0.9991162419319153,0.57432716568545,0.8818565400843882,0.2538898233809924
0.9991186857223511,0.5750630782169891,0.8818565400843882,0.25462573591253157
0.9991284012794495,0.5754835996635829,0.8818565400843882,0.25504625735912534
0.9991408586502075,0.5755887300252313,0.8818565400843882,0.2551513877207737
0.9991572499275208,0.5761143818334735,0.8818565400843882,0.255677039529016
0.9991710186004639,0.5766400336417157,0.8818565400843882,0.25620269133725815
0.9991795420646667,0.5766400336417157,0.8839662447257384,0.25620269133725815
0.9991863965988159,0.5766400336417157,0.8860759493670886,0.25620269133725815
0.999187171459198,0.5770605550883096,0.8860759493670886,0.25662321278385203
0.9991997480392456,0.5770605550883096,0.8881856540084389,0.25662321278385203
0.9992161989212036,0.5775862068965517,0.8881856540084389,0.2571488645920942
0.9992280006408691,0.5775862068965517,0.8881856540084389,0.2571488645920942
0.999235987663269,0.5785323801513877,0.8881856540084389,0.2580950378469302
0.9992494583129883,0.5794785534062237,0.8881856540084389,0.25904121110176614
0.9992812871932983,0.5794785534062237,0.890295358649789,0.25904121110176614
0.9993045330047607,0.5791631623212784,0.890295358649789,0.2587258200168209
0.9993095397949219,0.5798990748528174,0.890295358649789,0.2594617325483599
0.9993175864219666,0.5798990748528174,0.890295358649789,0.2594617325483599
0.9993331432342529,0.5804247266610597,0.890295358649789,0.2599873843566022
0.9993419647216797,0.5801093355761143,0.890295358649789,0.2596719932716568
0.99934321641922,0.5810555088309504,0.890295358649789,0.26061816652649283
0.9993528127670288,0.5820016820857864,0.890295358649789,0.26156433978132887
0.9993677139282227,0.5824222035323802,0.890295358649789,0.26198486122792264
0.9993764162063599,0.5834735071488646,0.890295358649789,0.26303616484440706
0.9993797540664673,0.5856812447434819,0.890295358649789,0.2652439024390244
0.9993854761123657,0.5856812447434819,0.8924050632911392,0.2652439024390244
0.999393105506897,0.5856812447434819,0.8924050632911392,0.2652439024390244
0.9993974566459656,0.586627417998318,0.8924050632911392,0.26619007569386044
0.9994014501571655,0.5874684608915055,0.8924050632911392,0.267031118587048
0.9994266033172607,0.5886248948696383,0.8924050632911392,0.2681875525651808
0.9994497299194336,0.589255677039529,0.8924050632911392,0.26881833473507144
0.9994503855705261,0.5894659377628259,0.8924050632911392,0.2690285954583683
0.9994548559188843,0.5894659377628259,0.8945147679324894,0.2690285954583683
0.9994606971740723,0.590201850294365,0.8945147679324894,0.2697645079899075
0.9994629621505737,0.5917788057190917,0.8945147679324894,0.27134146341463417
0.999463677406311,0.5927249789739276,0.8945147679324894,0.2722876366694701
0.9994668960571289,0.5927249789739276,0.8945147679324894,0.2722876366694701
0.9994722604751587,0.5931455004205215,0.8945147679324894,0.27270815811606397
0.9994760155677795,0.5935660218671153,0.8945147679324894,0.27312867956265774
0.9994817972183228,0.593986543313709,0.8945147679324894,0.2735492010092515
0.9994863271713257,0.5947224558452481,0.8945147679324894,0.27428511354079055
0.999487042427063,0.5950378469301935,0.8945147679324894,0.27460050462573593
0.9994899034500122,0.5955634987384356,0.8945147679324894,0.2751261564339781
0.9994970560073853,0.5953532380151387,0.8945147679324894,0.2749158957106812
0.9995098114013672,0.5953532380151387,0.8966244725738397,0.2749158957106812
0.9995185136795044,0.5953532380151387,0.8966244725738397,0.2749158957106812
0.9995198845863342,0.5952481076534903,0.8966244725738397,0.2748107653490328
0.9995241761207581,0.595878889823381,0.8966244725738397,0.27544154751892347
0.9995281100273132,0.5965096719932717,0.8966244725738397,0.2760723296888141
0.9995300769805908,0.5965096719932717,0.8966244725738397,0.2760723296888141
0.9995348453521729,0.5969301934398654,0.8966244725738397,0.2764928511354079
0.9995392560958862,0.5969301934398654,0.8987341772151899,0.2764928511354079
0.9995464086532593,0.5978763666947015,0.8987341772151899,0.2774390243902439
0.9995548129081726,0.597771236333053,0.9008438818565401,0.27733389402859543
0.9995578527450562,0.5981917577796467,0.9008438818565401,0.2777544154751892
0.9995591640472412,0.598717409587889,0.9008438818565401,0.27828006728343146
0.999560534954071,0.5985071488645921,0.9008438818565401,0.2780698065601346
0.999566376209259,0.5990328006728343,0.9008438818565401,0.27859545836837674
0.9995744824409485,0.6000841042893188,0.9008438818565401,0.27964676198486127
0.999580979347229,0.6007148864592095,0.9008438818565401,0.2802775441547519
0.999586284160614,0.6011354079058032,0.9008438818565401,0.2806980656013457
0.999588668346405,0.6011354079058032,0.9029535864978903,0.2806980656013457
0.999589741230011,0.6011354079058032,0.9050632911392406,0.2806980656013457
0.9995922446250916,0.6016610597140454,0.9050632911392406,0.28122371740958785
0.9995984435081482,0.601555929352397,0.9050632911392406,0.28111858704793946
0.9996092319488525,0.6025021026072329,0.9050632911392406,0.2820647603027754
0.9996197819709778,0.6025021026072329,0.9071729957805907,0.2820647603027754
0.9996245503425598,0.6025021026072329,0.9092827004219409,0.2820647603027754
0.9996291399002075,0.6025021026072329,0.9113924050632911,0.2820647603027754
0.9996334314346313,0.6032380151387721,0.9113924050632911,0.28280067283431454
0.9996374845504761,0.6032380151387721,0.9135021097046413,0.28280067283431454
0.9996415972709656,0.6036585365853658,0.9135021097046413,0.2832211942809083
0.999644935131073,0.6039739276703112,0.9135021097046413,0.2835365853658537
0.9996483325958252,0.604394449116905,0.9135021097046413,0.28395710681244746
0.9996536374092102,0.604394449116905,0.9156118143459916,0.28395710681244746
0.9996585249900818,0.604394449116905,0.9177215189873418,0.28395710681244746
0.9996611475944519,0.6050252312867956,0.9177215189873418,0.2845878889823381
0.9996638298034668,0.6057611438183347,0.9177215189873418,0.28532380151387715
0.9996671676635742,0.606286795626577,0.9177215189873418,0.2858494533221194
0.999672532081604,0.6064970563498738,0.9177215189873418,0.2860597140454163
0.9996784329414368,0.6064970563498738,0.919831223628692,0.2860597140454163
0.99968421459198,0.6071278385197645,0.919831223628692,0.28669049621530696
0.9996902346611023,0.6077586206896551,0.919831223628692,0.2873212783851976
0.9997000694274902,0.6073380992430614,0.919831223628692,0.28690075693860384
0.9997067451477051,0.6073380992430614,0.9219409282700421,0.28690075693860384
0.9997074604034424,0.607968881412952,0.9219409282700421,0.2875315391084945
0.9997109174728394,0.6085996635828427,0.9219409282700421,0.28816232127838515
0.9997167587280273,0.6088099243061396,0.9219409282700421,0.28837258200168203
0.9997197985649109,0.6102817493692179,0.9219409282700421,0.28984440706476033
0.9997204542160034,0.6125946173254836,0.9219409282700421,0.29215727502102606
0.9997215867042542,0.6130151387720774,0.9219409282700421,0.29257779646761983
0.9997230172157288,0.6130151387720774,0.9219409282700421,0.29257779646761983
0.9997244477272034,0.6134356602186711,0.9219409282700421,0.2929983179142136
0.9997333288192749,0.6134356602186711,0.9219409282700421,0.2929983179142136
0.9997516870498657,0.6138561816652649,0.9219409282700421,0.29341883936080737
0.9997650384902954,0.6138561816652649,0.9240506329113924,0.29341883936080737
0.9997687935829163,0.6143818334735072,0.9240506329113924,0.29394449116904964
0.9997721910476685,0.6148023549201009,0.9240506329113924,0.2943650126156434
0.9997780919075012,0.6151177460050462,0.9240506329113924,0.2946804037005887
0.9997822046279907,0.6151177460050462,0.9261603375527426,0.2946804037005887
0.9997856020927429,0.6151177460050462,0.9282700421940928,0.2946804037005887
0.9997885823249817,0.615748528174937,0.9282700421940928,0.29531118587047944
0.9997895359992981,0.615748528174937,0.930379746835443,0.29531118587047944
0.9997910857200623,0.616484440706476,0.930379746835443,0.2960470984020185
0.9997926354408264,0.616484440706476,0.9324894514767933,0.2960470984020185
0.9997944831848145,0.617430613961312,0.9324894514767933,0.2969932716568545
0.9997970461845398,0.6171152228763667,0.9324894514767933,0.29667788057190914
0.9998014569282532,0.6171152228763667,0.9324894514767933,0.29667788057190914
0.99980628490448,0.6171152228763667,0.9345991561181435,0.29667788057190914
0.9998098015785217,0.6177460050462573,0.9345991561181435,0.2973086627417998
0.9998134970664978,0.6177460050462573,0.9345991561181435,0.2973086627417998
0.9998155236244202,0.618376787216148,0.9345991561181435,0.29793944491169044
0.9998166561126709,0.618376787216148,0.9345991561181435,0.29793944491169044
0.9998177886009216,0.6187973086627419,0.9345991561181435,0.2983599663582843
0.9998188614845276,0.6185870479394449,0.9345991561181435,0.2981497056349873
0.999822199344635,0.619322960470984,0.9345991561181435,0.2988856181665265
0.9998265504837036,0.6197434819175778,0.9345991561181435,0.29930613961312025
0.999828577041626,0.6203742640874684,0.9345991561181435,0.2999369217830109
0.9998298287391663,0.6203742640874684,0.9345991561181435,0.2999369217830109
0.9998314380645752,0.6205845248107653,0.9345991561181435,0.3001471825063078
0.999832272529602,0.6205845248107653,0.9367088607594937,0.3001471825063078
0.9998329281806946,0.6205845248107653,0.9367088607594937,0.3001471825063078
0.9998350143432617,0.6213204373423045,0.9367088607594937,0.30088309503784694
0.9998377561569214,0.6215306980656014,0.9367088607594937,0.3010933557611438
0.999839723110199,0.6225820016820858,0.9367088607594937,0.30214465937762824
0.9998423457145691,0.6226871320437343,0.9367088607594937,0.30224978973927674
0.999844491481781,0.6226871320437343,0.9367088607594937,0.30224978973927674
0.9998460412025452,0.6230025231286795,0.9367088607594937,0.302565180824222
0.999848484992981,0.6234230445752733,0.9367088607594937,0.3029857022708158
0.9998511075973511,0.6252102607232969,0.9367088607594937,0.30477291841883936
0.9998536705970764,0.6252102607232969,0.9367088607594937,0.30477291841883936
0.9998560547828674,0.6258410428931875,0.9367088607594937,0.30540370058873
0.999858021736145,0.6260513036164844,0.9367088607594937,0.3056139613120269
0.9998598694801331,0.626892346509672,0.9367088607594937,0.30645500420521443
0.9998613595962524,0.6277333894028595,0.9367088607594937,0.30729604709840197
0.9998626708984375,0.6288898233809924,0.9367088607594937,0.3084524810765349
0.9998646974563599,0.6291000841042893,0.9367088607594937,0.3086627417998318
0.999867856502533,0.6298359966358285,0.9367088607594937,0.3093986543313709
0.9998697638511658,0.6298359966358285,0.9367088607594937,0.3093986543313709
0.9998717904090881,0.6298359966358285,0.9388185654008439,0.3093986543313709
0.9998741149902344,0.6305719091673675,0.9388185654008439,0.31013456686290997
0.9998748302459717,0.6301513877207737,0.9388185654008439,0.3097140454163162
0.9998759627342224,0.6293103448275862,0.9388185654008439,0.30887300252312866
0.9998776316642761,0.6299411269974768,0.9388185654008439,0.3095037846930193
0.9998787641525269,0.6303616484440706,0.9388185654008439,0.3099243061396131
0.9998791217803955,0.6305719091673675,0.9388185654008439,0.31013456686290997
0.999879777431488,0.6304667788057191,0.9388185654008439,0.3100294365012616
0.9998805522918701,0.6312026913372581,0.9388185654008439,0.3107653490328006
0.9998812675476074,0.6317283431455004,0.9388185654008439,0.3112910008410429
0.999882698059082,0.6324642556770396,0.9388185654008439,0.31202691337258204
0.9998841881752014,0.6332001682085786,0.9388185654008439,0.3127628259041211
0.9998853802680969,0.6332001682085786,0.9388185654008439,0.3127628259041211
0.9998881220817566,0.6340412111017661,0.9388185654008439,0.3136038687973086
0.9998911619186401,0.6345668629100084,0.9388185654008439,0.3141295206055509
0.9998935461044312,0.6348822539949538,0.9388185654008439,0.31444491169049626
0.9998956322669983,0.6357232968881413,0.9388185654008439,0.3152859545836838
0.9998964071273804,0.6360386879730866,0.9388185654008439,0.3156013456686291
0.9998968243598938,0.6366694701429773,0.9388185654008439,0.3162321278385197
0.9998979568481445,0.637089991589571,0.9388185654008439,0.3166526492851135
0.9998993277549744,0.6378259041211102,0.9388185654008439,0.31738856181665265
0.999900221824646,0.6386669470142977,0.9388185654008439,0.3182296047098402
0.9999016523361206,0.6386669470142977,0.9409282700421941,0.3182296047098402
0.9999033808708191,0.6396131202691338,0.9409282700421941,0.3191757779646762
0.9999049305915833,0.6405592935239697,0.9409282700421941,0.32012195121951215
0.9999082088470459,0.6414003364171573,0.9409282700421941,0.3209629941126998
0.9999109506607056,0.6422413793103449,0.9409282700421941,0.32180403700588733
0.9999114871025085,0.6422413793103449,0.9409282700421941,0.32180403700588733
0.999911904335022,0.6428721614802355,0.9409282700421941,0.322434819175778
0.9999127984046936,0.6428721614802355,0.9430379746835443,0.322434819175778
0.9999160766601562,0.6435029436501262,0.9430379746835443,0.32306560134566864
0.9999192953109741,0.6443439865433137,0.9430379746835443,0.3239066442388562
0.9999200701713562,0.6449747687132044,0.9430379746835443,0.32453742640874683
0.9999207854270935,0.644869638351556,0.9430379746835443,0.32443229604709845
0.9999221563339233,0.6451850294365012,0.9430379746835443,0.3247476871320437
0.999923586845398,0.6458158116063919,0.9430379746835443,0.32537846930193437
0.999925434589386,0.6458158116063919,0.9451476793248945,0.32537846930193437
0.9999271035194397,0.6466568544995794,0.9451476793248945,0.3262195121951219
0.9999276399612427,0.6476030277544155,0.9451476793248945,0.32716568544995794
0.9999278783798218,0.6482338099243061,0.9451476793248945,0.3277964676198486
0.9999282360076904,0.6485492010092515,0.9451476793248945,0.328111858704794
0.9999285340309143,0.6492851135407905,0.9451476793248945,0.328847771236333
0.9999290108680725,0.6499158957106812,0.9451476793248945,0.3294785534062237
0.999930202960968,0.6508620689655172,0.9451476793248945,0.3304247266610597
0.9999319314956665,0.6508620689655172,0.9472573839662447,0.3304247266610597
0.9999340176582336,0.6515979814970564,0.9472573839662447,0.33116063919259886
0.9999356865882874,0.6510723296888141,0.9472573839662447,0.3306349873843566
0.9999372363090515,0.6514928511354079,0.9472573839662447,0.33105550883095036
0.9999383687973022,0.6515979814970564,0.9472573839662447,0.33116063919259886
0.9999393820762634,0.6517031118587048,0.9472573839662447,0.33126576955424725
0.9999408721923828,0.6528595458368377,0.9472573839662447,0.33242220353238017
0.9999415874481201,0.6532800672834315,0.9472573839662447,0.33284272497897394
0.9999418258666992,0.654121110176619,0.9472573839662447,0.3336837678721615
0.9999421238899231,0.6547518923465097,0.9472573839662447,0.3343145500420521
0.9999423623085022,0.6547518923465097,0.9493670886075949,0.3343145500420521
0.9999425411224365,0.6551724137931034,0.9493670886075949,0.3347350714886459
0.9999430179595947,0.656013456686291,0.9493670886075949,0.33557611438183343
0.9999440312385559,0.6564339781328847,0.9493670886075949,0.3359966358284272
0.999944806098938,0.656959629941127,0.9493670886075949,0.33652228763666947
0.9999449849128723,0.6578006728343145,0.9493670886075949,0.337363330529857
0.9999454021453857,0.6591673675357443,0.9493670886075949,0.3387300252312868
0.999946117401123,0.6599032800672834,0.9493670886075949,0.33946593776282585
0.9999478459358215,0.6604289318755256,0.9493670886075949,0.3399915895710681
0.9999492764472961,0.6610597140454163,0.9493670886075949,0.3406223717409588
0.9999503493309021,0.6622161480235492,0.9493670886075949,0.3417788057190917
0.9999514222145081,0.662636669470143,0.9493670886075949,0.34219932716568546
0.9999516010284424,0.6632674516400336,0.9493670886075949,0.3428301093355761
0.9999520778656006,0.6636879730866274,0.9493670886075949,0.3432506307821699
0.999953031539917,0.6636879730866274,0.9514767932489452,0.3432506307821699
0.9999536871910095,0.6632674516400336,0.9514767932489452,0.3428301093355761
0.9999538660049438,0.6637931034482759,0.9514767932489452,0.3433557611438184
0.999954342842102,0.6636879730866274,0.9514767932489452,0.3432506307821699
0.9999553561210632,0.6642136248948697,0.9514767932489452,0.34377628259041215
0.9999560713768005,0.6641084945332212,0.9514767932489452,0.34367115222876365
0.9999561905860901,0.6638982338099243,0.9514767932489452,0.34346089150546677
0.999956488609314,0.6644238856181666,0.9514767932489452,0.34398654331370904
0.9999570250511169,0.6650546677880572,0.9514767932489452,0.3446173254835997
0.9999577403068542,0.6660008410428931,0.9514767932489452,0.3455634987384356
0.999958336353302,0.6668418839360808,0.9514767932489452,0.34640454163162326
0.9999587535858154,0.6676829268292683,0.9514767932489452,0.3472455845248108
0.9999600052833557,0.668313708999159,0.9514767932489452,0.34787636669470146
0.9999616742134094,0.669049621530698,0.9514767932489452,0.3486122792262405
0.9999628663063049,0.6696804037005887,0.9514767932489452,0.34924306139613115
0.999963641166687,0.6706265769554247,0.9514767932489452,0.3501892346509672
0.9999639987945557,0.6713624894869639,0.9514767932489452,0.35092514718250634
0.9999644756317139,0.6730445752733389,0.9514767932489452,0.3526072329688814
0.999966025352478,0.6731497056349874,0.9514767932489452,0.3527123633305299
0.999967634677887,0.6735702270815812,0.9514767932489452,0.3531328847771237
0.9999682903289795,0.6743061396131202,0.9514767932489452,0.3538687973086627
0.9999685883522034,0.6743061396131202,0.9514767932489452,0.3538687973086627
0.9999691247940063,0.6748317914213625,0.9514767932489452,0.354394449116905
0.9999696612358093,0.6751471825063078,0.9514767932489452,0.35470984020185026
0.9999699592590332,0.6749369217830109,0.9514767932489452,0.3544995794785534
0.9999703764915466,0.6757779646761984,0.9514767932489452,0.3553406223717409
0.9999707341194153,0.676829268292683,0.9514767932489452,0.35639192598822544
0.9999709725379944,0.6764087468460892,0.9514767932489452,0.3559714045416317
0.9999712109565735,0.6773549201009251,0.9514767932489452,0.3569175777964676
0.9999714493751526,0.6773549201009251,0.9535864978902954,0.3569175777964676
0.9999716281890869,0.6778805719091674,0.9535864978902954,0.35744322960470987
0.999971866607666,0.6792472666105971,0.9535864978902954,0.35880992430613956
0.9999720454216003,0.6797729184188394,0.9535864978902954,0.3593355761143818
0.9999721646308899,0.6815601345668629,0.9535864978902954,0.3611227922624054
0.9999725222587585,0.6815601345668629,0.9535864978902954,0.3611227922624054
0.9999728798866272,0.6820857863751051,0.9535864978902954,0.36164844407064756
0.9999733567237854,0.6825063078216989,0.9556962025316456,0.3620689655172413
0.999974250793457,0.6828216989066442,0.9556962025316456,0.3623843566021867
0.99997478723526,0.6833473507148865,0.9556962025316456,0.362910008410429
0.9999749660491943,0.6836627417998318,0.9556962025316456,0.36322539949537425
0.9999752640724182,0.6839781328847772,0.9556962025316456,0.36354079058031963
0.9999755620956421,0.6839781328847772,0.9556962025316456,0.36354079058031963
0.9999759793281555,0.6839781328847772,0.9578059071729957,0.36354079058031963
0.9999763369560242,0.6845037846930193,0.9578059071729957,0.3640664423885618
0.9999765753746033,0.6835576114381834,0.9578059071729957,0.36312026913372586
0.9999768137931824,0.6850294365012616,0.9578059071729957,0.36459209419680405
0.9999769330024719,0.6856602186711522,0.9578059071729957,0.3652228763666947
0.9999771118164062,0.6861858704793945,0.9578059071729957,0.36574852817493697
0.9999774098396301,0.6866063919259883,0.9578059071729957,0.36616904962153074
0.9999776482582092,0.6871320437342304,0.9578059071729957,0.3666947014297729
0.9999777674674988,0.6867115222876367,0.9578059071729957,0.3662741799831791
0.9999778866767883,0.6865012615643398,0.9578059071729957,0.36606391925988224
0.9999780654907227,0.6871320437342304,0.9578059071729957,0.3666947014297729
0.999978244304657,0.6881833473507148,0.9578059071729957,0.3677460050462573
0.9999783635139465,0.6891295206055509,0.9578059071729957,0.36869217830109335
0.9999784827232361,0.6901808242220353,0.9578059071729957,0.3697434819175778
0.9999786019325256,0.6907064760302776,0.9578059071729957,0.37026913372582004
0.9999788999557495,0.690811606391926,0.9578059071729957,0.37037426408746843
0.9999794960021973,0.6914423885618166,0.9578059071729957,0.3710050462573591
0.9999805688858032,0.6914423885618166,0.9578059071729957,0.3710050462573591
0.9999817609786987,0.6918629100084104,0.9578059071729957,0.37142556770395285
0.9999823570251465,0.692703952901598,0.9578059071729957,0.3722666105971405
0.9999825954437256,0.6930193439865433,0.9578059071729957,0.3725820016820858
0.9999828934669495,0.6944911690496215,0.9578059071729957,0.37405382674516396
0.9999831914901733,0.6952270815811606,0.9578059071729957,0.3747897392767031
0.9999834299087524,0.6957527333894029,0.9578059071729957,0.3753153910849454
0.9999836087226868,0.6959629941126998,0.9578059071729957,0.37552565180824227
0.9999837279319763,0.6963835155592936,0.9578059071729957,0.37594617325483604
0.9999838471412659,0.6973296888141295,0.9578059071729957,0.37689234650967196
0.9999839663505554,0.6977502102607233,0.9578059071729957,0.37731286795626573
0.9999841451644897,0.6986963835155593,0.9578059071729957,0.37825904121110177
0.9999843239784241,0.6991169049621531,0.9578059071729957,0.37867956265769553
0.9999845027923584,0.6999579478553406,0.9578059071729957,0.3795206055508831
0.9999846816062927,0.7014297729184188,0.9578059071729957,0.38099243061396126
0.999984860420227,0.7009041211101766,0.9578059071729957,0.3804667788057191
0.9999850988388062,0.7014297729184188,0.9578059071729957,0.38099243061396126
0.9999852776527405,0.7024810765349033,0.9578059071729957,0.3820437342304458
0.9999855756759644,0.7030067283431455,0.9578059071729957,0.38256938603868795
0.9999858736991882,0.7044785534062237,0.9578059071729957,0.38404121110176614
0.9999861717224121,0.7042682926829268,0.9578059071729957,0.38383095037846926
0.9999865293502808,0.7042682926829268,0.959915611814346,0.38383095037846926
0.9999869465827942,0.7063708999158957,0.959915611814346,0.3859335576114382
0.9999874830245972,0.706686291000841,0.959915611814346,0.3862489486963835
0.999987781047821,0.7082632464255677,0.959915611814346,0.3878259041211102
0.9999880790710449,0.7082632464255677,0.9620253164556962,0.3878259041211102
0.9999884366989136,0.7092094196804037,0.9620253164556962,0.3887720773759462
0.9999886155128479,0.7097350714886459,0.9620253164556962,0.38929772918418837
0.9999889135360718,0.7121530698065601,0.9620253164556962,0.3917157275021026
0.9999892711639404,0.7130992430613962,0.9620253164556962,0.39266190075693863
0.9999894499778748,0.7135197645079899,0.9620253164556962,0.3930824222035324
0.9999895691871643,0.714255677039529,0.9620253164556962,0.39381833473507144
0.9999897480010986,0.716148023549201,0.9620253164556962,0.3957106812447435
0.9999900460243225,0.7178301093355761,0.9620253164556962,0.3973927670311186
0.9999902844429016,0.7182506307821699,0.9620253164556962,0.39781328847771236
0.9999904036521912,0.7188814129520605,0.9620253164556962,0.398444070647603
0.999990701675415,0.7188814129520605,0.9620253164556962,0.398444070647603
0.9999910593032837,0.7198275862068966,0.9620253164556962,0.39939024390243905
0.9999912977218628,0.7193019343986543,0.9620253164556962,0.3988645920941968
0.9999915361404419,0.7193019343986543,0.9641350210970464,0.3988645920941968
0.9999918341636658,0.7195121951219512,0.9641350210970464,0.39907485281749366
0.9999920725822449,0.7202481076534903,0.9641350210970464,0.3998107653490328
0.999992311000824,0.7210891505466779,0.9641350210970464,0.40065180824222035
0.9999927282333374,0.720878889823381,0.9641350210970464,0.40044154751892347
0.9999930262565613,0.7223507148864592,0.9641350210970464,0.40191337258200166
0.9999931454658508,0.7225609756097561,0.9641350210970464,0.40212363330529854
0.9999933838844299,0.7225609756097561,0.9641350210970464,0.40212363330529854
0.9999936819076538,0.7235071488645921,0.9641350210970464,0.4030698065601346
0.9999938607215881,0.7241379310344828,0.9641350210970464,0.40370058873002523
0.9999939799308777,0.7250841042893188,0.9662447257383966,0.40464676198486127
0.9999940991401672,0.7259251471825063,0.9662447257383966,0.4054878048780488
0.9999942183494568,0.7259251471825063,0.9683544303797469,0.4054878048780488
0.9999943375587463,0.7259251471825063,0.9683544303797469,0.4054878048780488
0.9999944567680359,0.7264507989907485,0.9683544303797469,0.40601345668629096
0.9999945759773254,0.7269764507989908,0.9704641350210971,0.40653910849453323
0.999994695186615,0.7273969722455845,0.9704641350210971,0.406959629941127
0.9999948143959045,0.7280277544154752,0.9704641350210971,0.40759041211101765
0.9999949336051941,0.7307611438183347,0.9704641350210971,0.41032380151387715
0.9999950528144836,0.7313919259882254,0.9704641350210971,0.4109545836837679
0.9999951720237732,0.7313919259882254,0.9725738396624473,0.4109545836837679
0.9999952912330627,0.7352817493692179,0.9725738396624473,0.41484440706476033
0.9999954104423523,0.7362279226240538,0.9725738396624473,0.41579058031959626
0.9999955296516418,0.7374894869638352,0.9725738396624473,0.4170521446593777
0.9999956488609314,0.7373843566021867,0.9725738396624473,0.4169470142977292
0.999995768070221,0.7388561816652649,0.9725738396624473,0.41841883936080737
0.9999958872795105,0.7382253994953742,0.9725738396624473,0.4177880571909167
0.9999960064888,0.7388561816652649,0.9725738396624473,0.41841883936080737
0.9999961256980896,0.7394869638351556,0.9725738396624473,0.419049621530698
0.9999962449073792,0.7392767031118587,0.9725738396624473,0.41883936080740114
0.9999963641166687,0.7392767031118587,0.9725738396624473,0.41883936080740114
0.9999966621398926,0.7402228763666947,0.9725738396624473,0.4197855340622372
0.9999969601631165,0.7428511354079058,0.9725738396624473,0.4224137931034483
0.999997079372406,0.7446383515559294,0.9725738396624473,0.42420100925147186
0.9999971985816956,0.7446383515559294,0.9746835443037974,0.42420100925147186
0.9999973177909851,0.7470563498738436,0.9746835443037974,0.4266190075693861
0.9999974370002747,0.7478973927670312,0.9767932489451476,0.4274600504625736
0.999997615814209,0.749053826745164,0.9767932489451476,0.42861648444070644
0.9999977946281433,0.7503153910849454,0.9767932489451476,0.42987804878048785
0.9999979138374329,0.7511564339781329,0.9767932489451476,0.4307190916736754
0.9999980330467224,0.7545206055508831,0.9767932489451476,0.43408326324642554
0.999998152256012,0.7557821698906644,0.9767932489451476,0.43534482758620685
0.9999982714653015,0.757569386038688,0.9767932489451476,0.4371320437342304
0.9999983906745911,0.7596719932716569,0.9767932489451476,0.4392346509671994
0.9999985098838806,0.7600925147182507,0.9767932489451476,0.43965517241379315
0.9999986290931702,0.7645079899074853,0.9767932489451476,0.4440706476030277
0.9999987483024597,0.7674516400336417,0.9789029535864979,0.4470142977291842
0.9999988675117493,0.768713204373423,0.9810126582278481,0.4482758620689655
0.9999989867210388,0.7719722455845248,0.9810126582278481,0.4515349032800673
0.9999991059303284,0.7728132884777124,0.9810126582278481,0.45237594617325483
0.9999992251396179,0.7767031118587048,0.9810126582278481,0.45626576955424725
0.9999993443489075,0.7826955424726662,0.9810126582278481,0.4622582001682086
0.999999463558197,0.788372582001682,0.9810126582278481,0.4679352396972245
0.9999995827674866,0.7927880571909167,0.9810126582278481,0.4723507148864592
0.9999997019767761,0.8080319596299411,0.9810126582278481,0.4875946173254836
0.9999998211860657,0.8253784693019344,0.9831223628691983,0.5049411269974768
0.9999999403953552,0.8527123633305299,0.9873417721518988,0.5322750210260724
1.001,1.0,1.0,0.6795626576955425
