threshold,CER,RR,CER_change
-0.001,0.32043734230445753,0.0,0.0
0.03588923066854477,0.32043734230445753,0.002109704641350211,0.0
0.040951721370220184,0.32043734230445753,0.004219409282700422,0.0
0.04212449491024017,0.32043734230445753,0.006329113924050633,0.0
0.04251914471387863,0.32043734230445753,0.008438818565400843,0.0
0.04396282136440277,0.32043734230445753,0.010548523206751054,0.0
0.04714014008641243,0.32043734230445753,0.012658227848101266,0.0
0.05340799316763878,0.32043734230445753,0.014767932489451477,0.0
0.05776868760585785,0.32043734230445753,0.016877637130801686,0.0
0.05831590294837952,0.32043734230445753,0.0189873417721519,0.0
0.05977218598127365,0.3208578637510513,0.0189873417721519,0.000420521446593769
0.06099014729261398,0.32043734230445753,0.0189873417721519,0.0
0.06117348372936249,0.3203322119428091,0.0189873417721519,-0.00010513036164844225
0.06550070643424988,0.3203322119428091,0.02109704641350211,-0.00010513036164844225
0.07053600251674652,0.3203322119428091,0.023206751054852322,-0.00010513036164844225
0.07299059629440308,0.3203322119428091,0.02531645569620253,-0.00010513036164844225
0.07484617829322815,0.3203322119428091,0.027426160337552744,-0.00010513036164844225
0.07599421590566635,0.32075273338940286,0.027426160337552744,0.00031539108494532675
0.0779338926076889,0.32075273338940286,0.029535864978902954,0.00031539108494532675
0.0791533887386322,0.32075273338940286,0.03164556962025317,0.00031539108494532675
0.0794561579823494,0.32075273338940286,0.03164556962025317,0.00031539108494532675
0.07957802712917328,0.32075273338940286,0.03375527426160337,0.00031539108494532675
0.0798318088054657,0.32075273338940286,0.035864978902953586,0.00031539108494532675
0.08005882799625397,0.32075273338940286,0.0379746835443038,0.00031539108494532675
0.08179110288619995,0.32075273338940286,0.04008438818565401,0.00031539108494532675
0.08458128571510315,0.3211732548359966,0.04008438818565401,0.0007359125315390957
0.08683569729328156,0.3211732548359966,0.04219409282700422,0.0007359125315390957
0.08803249150514603,0.32169890664423884,0.04219409282700422,0.001261564339781307
0.08914276957511902,0.32169890664423884,0.04430379746835443,0.001261564339781307
0.09031756222248077,0.32169890664423884,0.046413502109704644,0.001261564339781307
0.0908617377281189,0.32169890664423884,0.04852320675105485,0.001261564339781307
0.09138279408216476,0.32169890664423884,0.05063291139240506,0.001261564339781307
0.09183675050735474,0.32169890664423884,0.052742616033755275,0.001261564339781307
0.0927877277135849,0.32169890664423884,0.05485232067510549,0.001261564339781307
0.09389160573482513,0.32169890664423884,0.056962025316455694,0.001261564339781307
0.09503240138292313,0.32169890664423884,0.05907172995780591,0.001261564339781307
0.09726394712924957,0.32169890664423884,0.06118143459915612,0.001261564339781307
0.09950005263090134,0.32211942809083266,0.06118143459915612,0.0016820857863751315
0.10012393444776535,0.3227502102607233,0.06118143459915612,0.002312867956265785
0.1002446636557579,0.32338099243061397,0.06118143459915612,0.0029436501261564385
0.1008729562163353,0.32338099243061397,0.06329113924050633,0.0029436501261564385
0.10153508186340332,0.32338099243061397,0.06540084388185655,0.0029436501261564385
0.10180108994245529,0.3242220353238015,0.06540084388185655,0.0037846930193439765
0.10205543786287308,0.3242220353238015,0.06751054852320675,0.0037846930193439765
0.1040945053100586,0.3242220353238015,0.06962025316455696,0.0037846930193439765
0.10705813020467758,0.3242220353238015,0.07172995780590717,0.0037846930193439765
0.10869693756103516,0.3242220353238015,0.07383966244725738,0.0037846930193439765
0.10974916815757751,0.3242220353238015,0.0759493670886076,0.0037846930193439765
0.11054942011833191,0.3242220353238015,0.07805907172995781,0.0037846930193439765
0.11125002801418304,0.3242220353238015,0.08016877637130802,0.0037846930193439765
0.11188216507434845,0.3242220353238015,0.08227848101265822,0.0037846930193439765
0.1128375232219696,0.3242220353238015,0.08438818565400844,0.0037846930193439765
0.1136021837592125,0.3242220353238015,0.08649789029535865,0.0037846930193439765
0.11382657289505005,0.3242220353238015,0.08860759493670886,0.0037846930193439765
0.11412294954061508,0.3242220353238015,0.09071729957805907,0.0037846930193439765
0.11464312672615051,0.3242220353238015,0.09282700421940929,0.0037846930193439765
0.11540462076663971,0.3242220353238015,0.0949367088607595,0.0037846930193439765
0.11602610349655151,0.3242220353238015,0.0970464135021097,0.0037846930193439765
0.11803513765335083,0.3242220353238015,0.0970464135021097,0.0037846930193439765
0.12002940475940704,0.3242220353238015,0.09915611814345991,0.0037846930193439765
0.12035347521305084,0.3242220353238015,0.10126582278481013,0.0037846930193439765
0.12137269973754883,0.3242220353238015,0.10337552742616034,0.0037846930193439765
0.12230496108531952,0.3242220353238015,0.10548523206751055,0.0037846930193439765
0.12232214212417603,0.32411690496215306,0.10548523206751055,0.0036795626576955343
0.12242567539215088,0.32411690496215306,0.10759493670886076,0.0036795626576955343
0.12290974706411362,0.3239066442388562,0.10759493670886076,0.0034693019343986498
0.12410097569227219,0.3236963835155593,0.10759493670886076,0.0032590412111017653
0.12497201561927795,0.3236963835155593,0.10970464135021098,0.0032590412111017653
0.1257832944393158,0.3236963835155593,0.11181434599156118,0.0032590412111017653
0.1267692744731903,0.3236963835155593,0.11392405063291139,0.0032590412111017653
0.127506285905838,0.3236963835155593,0.1160337552742616,0.0032590412111017653
0.12818001210689545,0.3240117746005046,0.1160337552742616,0.003574432296047092
0.12900914251804352,0.3240117746005046,0.11814345991561181,0.003574432296047092
0.12973269820213318,0.3240117746005046,0.12025316455696203,0.003574432296047092
0.13000622391700745,0.3240117746005046,0.12236286919831224,0.003574432296047092
0.1316482424736023,0.3240117746005046,0.12447257383966245,0.003574432296047092
0.13313287496566772,0.3240117746005046,0.12658227848101267,0.003574432296047092
0.13358226418495178,0.3240117746005046,0.12869198312236288,0.003574432296047092
0.13406389951705933,0.3244322960470984,0.12869198312236288,0.003994953742640861
0.1341516673564911,0.3244322960470984,0.1308016877637131,0.003994953742640861
0.13462141156196594,0.3244322960470984,0.13291139240506328,0.003994953742640861
0.13521581888198853,0.3244322960470984,0.1350210970464135,0.003994953742640861
0.13578730821609497,0.3244322960470984,0.1371308016877637,0.003994953742640861
0.13668110966682434,0.3244322960470984,0.13924050632911392,0.003994953742640861
0.13789823651313782,0.3244322960470984,0.14135021097046413,0.003994953742640861
0.13909819722175598,0.32506307821698904,0.14135021097046413,0.0046257359125315145
0.14016568660736084,0.32506307821698904,0.14345991561181434,0.0046257359125315145
0.14087525010108948,0.32506307821698904,0.14556962025316456,0.0046257359125315145
0.14113296568393707,0.3255887300252313,0.14556962025316456,0.005151387720773781
0.1413310170173645,0.3255887300252313,0.14556962025316456,0.005151387720773781
0.1417328417301178,0.3255887300252313,0.14767932489451477,0.005151387720773781
0.14221246540546417,0.3255887300252313,0.14978902953586498,0.005151387720773781
0.14380931854248047,0.3255887300252313,0.1518987341772152,0.005151387720773781
0.1458459198474884,0.3255887300252313,0.1540084388185654,0.005151387720773781
0.14666354656219482,0.3255887300252313,0.15611814345991562,0.005151387720773781
0.14711448550224304,0.3255887300252313,0.15822784810126583,0.005151387720773781
0.14738121628761292,0.3255887300252313,0.16033755274261605,0.005151387720773781
0.14749404788017273,0.3255887300252313,0.16244725738396623,0.005151387720773781
0.1477120816707611,0.3255887300252313,0.16455696202531644,0.005151387720773781
0.14943644404411316,0.3255887300252313,0.16666666666666666,0.005151387720773781
0.15186816453933716,0.3255887300252313,0.16877637130801687,0.005151387720773781
0.15391328930854797,0.3255887300252313,0.17088607594936708,0.005151387720773781
0.155821293592453,0.3255887300252313,0.1729957805907173,0.005151387720773781
0.15672865509986877,0.3255887300252313,0.1751054852320675,0.005151387720773781
0.1568899303674698,0.3255887300252313,0.17721518987341772,0.005151387720773781
0.15723967552185059,0.3255887300252313,0.17932489451476794,0.005151387720773781
0.15766862034797668,0.3255887300252313,0.17932489451476794,0.005151387720773781
0.15812702476978302,0.3255887300252313,0.18143459915611815,0.005151387720773781
0.1594788283109665,0.3255887300252313,0.18354430379746836,0.005151387720773781
0.16069155931472778,0.3255887300252313,0.18565400843881857,0.005151387720773781
0.16115111112594604,0.3255887300252313,0.1877637130801688,0.005151387720773781
0.16176989674568176,0.3255887300252313,0.189873417721519,0.005151387720773781
0.16220852732658386,0.32548359966358287,0.189873417721519,0.005046257359125339
0.16312995553016663,0.32548359966358287,0.19198312236286919,0.005046257359125339
0.1640440821647644,0.32548359966358287,0.1940928270042194,0.005046257359125339
0.16472935676574707,0.32548359966358287,0.1962025316455696,0.005046257359125339
0.16566689312458038,0.32548359966358287,0.19831223628691982,0.005046257359125339
0.16674235463142395,0.32548359966358287,0.20042194092827004,0.005046257359125339
0.16781577467918396,0.32548359966358287,0.20253164556962025,0.005046257359125339
0.16822285950183868,0.3260092514718251,0.20253164556962025,0.00557190916736755
0.1685323864221573,0.3260092514718251,0.20464135021097046,0.00557190916736755
0.16891320049762726,0.3260092514718251,0.20675105485232068,0.00557190916736755
0.16941189765930176,0.3260092514718251,0.2088607594936709,0.00557190916736755
0.17052042484283447,0.3260092514718251,0.2109704641350211,0.00557190916736755
0.17176534235477448,0.3260092514718251,0.21308016877637131,0.00557190916736755
0.17249631881713867,0.3261143818334735,0.21308016877637131,0.0056770395290159925
0.17411552369594574,0.3261143818334735,0.21518987341772153,0.0056770395290159925
0.17562097311019897,0.3261143818334735,0.21729957805907174,0.0056770395290159925
0.1758141815662384,0.3261143818334735,0.21940928270042195,0.0056770395290159925
0.17635478079319,0.3261143818334735,0.22151898734177214,0.0056770395290159925
0.17733760178089142,0.3261143818334735,0.22362869198312235,0.0056770395290159925
0.18054354190826416,0.3261143818334735,0.22573839662447256,0.0056770395290159925
0.1838380992412567,0.3261143818334735,0.22784810126582278,0.0056770395290159925
0.18474656343460083,0.3268502943650126,0.22784810126582278,0.006412952060555088
0.1853654384613037,0.3268502943650126,0.229957805907173,0.006412952060555088
0.1858789622783661,0.3268502943650126,0.2320675105485232,0.006412952060555088
0.18612605333328247,0.3268502943650126,0.23417721518987342,0.006412952060555088
0.18636955320835114,0.3268502943650126,0.23628691983122363,0.006412952060555088
0.1870758980512619,0.3268502943650126,0.23839662447257384,0.006412952060555088
0.18888147175312042,0.3268502943650126,0.24050632911392406,0.006412952060555088
0.1906147003173828,0.3268502943650126,0.24050632911392406,0.006412952060555088
0.19192245602607727,0.3268502943650126,0.24050632911392406,0.006412952060555088
0.19302169978618622,0.3268502943650126,0.24261603375527427,0.006412952060555088
0.19420520961284637,0.3268502943650126,0.24472573839662448,0.006412952060555088
0.19584117829799652,0.3268502943650126,0.2468354430379747,0.006412952060555088
0.19692766666412354,0.3268502943650126,0.2489451476793249,0.006412952060555088
0.19872626662254333,0.3268502943650126,0.2510548523206751,0.006412952060555088
0.20140168070793152,0.3268502943650126,0.25316455696202533,0.006412952060555088
0.20327971875667572,0.3268502943650126,0.2552742616033755,0.006412952060555088
0.20566043257713318,0.3268502943650126,0.25738396624472576,0.006412952060555088
0.20761913061141968,0.32790159798149704,0.25738396624472576,0.007464255677039511
0.20792053639888763,0.32790159798149704,0.25949367088607594,0.007464255677039511
0.20846009254455566,0.32790159798149704,0.2616033755274262,0.007464255677039511
0.2092965990304947,0.32790159798149704,0.26371308016877637,0.007464255677039511
0.21019312739372253,0.32790159798149704,0.26582278481012656,0.007464255677039511
0.21069872379302979,0.32790159798149704,0.2679324894514768,0.007464255677039511
0.21140575408935547,0.32790159798149704,0.270042194092827,0.007464255677039511
0.2121744155883789,0.32790159798149704,0.2721518987341772,0.007464255677039511
0.21241503953933716,0.32790159798149704,0.2742616033755274,0.007464255677039511
0.21263818442821503,0.3277964676198486,0.2742616033755274,0.0073591253153910685
0.21297015249729156,0.3277964676198486,0.27637130801687765,0.0073591253153910685
0.21447411179542542,0.3280067283431455,0.27637130801687765,0.007569386038687953
0.2158161699771881,0.3280067283431455,0.27848101265822783,0.007569386038687953
0.21608373522758484,0.3289529015979815,0.27848101265822783,0.008515559293523989
0.21681340038776398,0.3289529015979815,0.2805907172995781,0.008515559293523989
0.21945911645889282,0.3289529015979815,0.28270042194092826,0.008515559293523989
0.22172808647155762,0.3289529015979815,0.2848101265822785,0.008515559293523989
0.221869096159935,0.3289529015979815,0.2869198312236287,0.008515559293523989
0.22273139655590057,0.3288477712363331,0.2869198312236287,0.008410428931875547
0.22400125861167908,0.3288477712363331,0.2890295358649789,0.008410428931875547
0.2245626598596573,0.3288477712363331,0.2911392405063291,0.008410428931875547
0.22498881816864014,0.3298990748528175,0.2911392405063291,0.009461732548359969
0.22564223408699036,0.33031959629941127,0.2911392405063291,0.009882253994953738
0.22617629170417786,0.33031959629941127,0.29324894514767935,0.009882253994953738
0.22646674513816833,0.33031959629941127,0.29535864978902954,0.009882253994953738
0.22672224044799805,0.33031959629941127,0.2974683544303797,0.009882253994953738
0.22751867771148682,0.33031959629941127,0.29957805907172996,0.009882253994953738
0.22852829098701477,0.33031959629941127,0.30168776371308015,0.009882253994953738
0.22926834225654602,0.3301093355761144,0.30168776371308015,0.009671993271656854
0.23010188341140747,0.3301093355761144,0.3037974683544304,0.009671993271656854
0.2307305485010147,0.3301093355761144,0.3059071729957806,0.009671993271656854
0.23095041513442993,0.3301093355761144,0.3080168776371308,0.009671993271656854
0.2310122400522232,0.3301093355761144,0.310126582278481,0.009671993271656854
0.231379896402359,0.3301093355761144,0.31223628691983124,0.009671993271656854
0.2322385609149933,0.33052985702270815,0.31223628691983124,0.010092514718250623
0.23359572887420654,0.33147603027754413,0.31223628691983124,0.011038687973086603
0.2353844940662384,0.3313708999158957,0.31223628691983124,0.01093355761143816
0.23664647340774536,0.3315811606391926,0.31223628691983124,0.011143818334735045
0.23840689659118652,0.3315811606391926,0.3143459915611814,0.011143818334735045
0.23998203873634338,0.3315811606391926,0.31645569620253167,0.011143818334735045
0.24050241708755493,0.3315811606391926,0.31856540084388185,0.011143818334735045
0.2410050928592682,0.3315811606391926,0.3206751054852321,0.011143818334735045
0.24130819737911224,0.3315811606391926,0.3227848101265823,0.011143818334735045
0.24194329977035522,0.3315811606391926,0.32489451476793246,0.011143818334735045
0.24257634580135345,0.3320016820857864,0.32489451476793246,0.01156433978132887
0.24299627542495728,0.3320016820857864,0.3270042194092827,0.01156433978132887
0.2433060258626938,0.3325273338940286,0.3270042194092827,0.01208999158957108
0.24397754669189453,0.3325273338940286,0.3291139240506329,0.01208999158957108
0.24463969469070435,0.3332632464255677,0.3291139240506329,0.012825904121110177
0.24525341391563416,0.3332632464255677,0.33122362869198313,0.012825904121110177
0.24621877074241638,0.3343145500420521,0.33122362869198313,0.013877207737594599
0.24676430225372314,0.3343145500420521,0.3333333333333333,0.013877207737594599
0.24697069823741913,0.3343145500420521,0.33544303797468356,0.013877207737594599
0.2474353313446045,0.3343145500420521,0.33755274261603374,0.013877207737594599
0.2488844096660614,0.3343145500420521,0.339662447257384,0.013877207737594599
0.24999287724494934,0.3343145500420521,0.34177215189873417,0.013877207737594599
0.2501682639122009,0.3343145500420521,0.3438818565400844,0.013877207737594599
0.25097596645355225,0.3343145500420521,0.3459915611814346,0.013877207737594599
0.25350844860076904,0.33526072329688816,0.3459915611814346,0.014823380992430635
0.2554202675819397,0.33526072329688816,0.34810126582278483,0.014823380992430635
0.25599074363708496,0.33526072329688816,0.350210970464135,0.014823380992430635
0.25666555762290955,0.33526072329688816,0.35232067510548526,0.014823380992430635
0.2573016881942749,0.33526072329688816,0.35232067510548526,0.014823380992430635
0.2596745491027832,0.33526072329688816,0.35443037974683544,0.014823380992430635
0.2620142698287964,0.3361017661900757,0.35443037974683544,0.015664423885618173
0.26255524158477783,0.3361017661900757,0.35654008438818563,0.015664423885618173
0.26292556524276733,0.3361017661900757,0.35864978902953587,0.015664423885618173
0.26345881819725037,0.3361017661900757,0.36075949367088606,0.015664423885618173
0.264721155166626,0.3361017661900757,0.3628691983122363,0.015664423885618173
0.2662789225578308,0.33673254835996635,0.3628691983122363,0.016295206055508826
0.2672809362411499,0.33673254835996635,0.3649789029535865,0.016295206055508826
0.2682579755783081,0.33673254835996635,0.3670886075949367,0.016295206055508826
0.2692371904850006,0.33673254835996635,0.3691983122362869,0.016295206055508826
0.27026742696762085,0.3366274179983179,0.3691983122362869,0.016190075693860384
0.2721061706542969,0.3371530698065601,0.3691983122362869,0.016715727502102595
0.2743385434150696,0.3371530698065601,0.37130801687763715,0.016715727502102595
0.2771342396736145,0.3371530698065601,0.37341772151898733,0.016715727502102595
0.2793926000595093,0.3371530698065601,0.3755274261603376,0.016715727502102595
0.2802281677722931,0.3371530698065601,0.37763713080168776,0.016715727502102595
0.28072214126586914,0.3371530698065601,0.379746835443038,0.016715727502102595
0.28153660893440247,0.3371530698065601,0.3818565400843882,0.016715727502102595
0.2823053002357483,0.3371530698065601,0.38396624472573837,0.016715727502102595
0.28385400772094727,0.3371530698065601,0.3860759493670886,0.016715727502102595
0.28636664152145386,0.3371530698065601,0.3881856540084388,0.016715727502102595
0.2874840199947357,0.3371530698065601,0.39029535864978904,0.016715727502102595
0.2876710891723633,0.3371530698065601,0.3924050632911392,0.016715727502102595
0.2878507971763611,0.33767872161480234,0.3924050632911392,0.017241379310344807
0.2881148159503937,0.33767872161480234,0.39451476793248946,0.017241379310344807
0.2890777885913849,0.33767872161480234,0.39662447257383965,0.017241379310344807
0.29040592908859253,0.33767872161480234,0.3987341772151899,0.017241379310344807
0.2910301089286804,0.33767872161480234,0.4008438818565401,0.017241379310344807
0.2914656698703766,0.33767872161480234,0.4029535864978903,0.017241379310344807
0.2918052673339844,0.33767872161480234,0.4050632911392405,0.017241379310344807
0.29189974069595337,0.33767872161480234,0.40717299578059074,0.017241379310344807
0.2920383810997009,0.33767872161480234,0.4092827004219409,0.017241379310344807
0.29244670271873474,0.33851976450798993,0.4092827004219409,0.0180824222035324
0.29360902309417725,0.33851976450798993,0.41139240506329117,0.0180824222035324
0.2944900393486023,0.3399915895710681,0.41139240506329117,0.01955424726661059
0.2958484888076782,0.3399915895710681,0.41350210970464135,0.01955424726661059
0.2974068522453308,0.3399915895710681,0.41561181434599154,0.01955424726661059
0.29874300956726074,0.3399915895710681,0.4177215189873418,0.01955424726661059
0.29998093843460083,0.3399915895710681,0.41983122362869196,0.01955424726661059
0.30051523447036743,0.3396761984861228,0.41983122362869196,0.019238856181665265
0.30155473947525024,0.34030698065601345,0.41983122362869196,0.01986963835155592
0.3026803135871887,0.34030698065601345,0.4219409282700422,0.01986963835155592
0.30335259437561035,0.33957106812447435,0.4219409282700422,0.019133725820016823
0.30395328998565674,0.33957106812447435,0.4240506329113924,0.019133725820016823
0.3045218586921692,0.33957106812447435,0.42616033755274263,0.019133725820016823
0.30502694845199585,0.33957106812447435,0.4282700421940928,0.019133725820016823
0.30541959404945374,0.33957106812447435,0.43037974683544306,0.019133725820016823
0.30577194690704346,0.3391505466778806,0.43037974683544306,0.018713204373423054
0.30702292919158936,0.3391505466778806,0.43248945147679324,0.018713204373423054
0.3083396553993225,0.3391505466778806,0.4345991561181435,0.018713204373423054
0.3090019226074219,0.3391505466778806,0.43670886075949367,0.018713204373423054
0.3093874454498291,0.3391505466778806,0.4388185654008439,0.018713204373423054
0.3094605803489685,0.3391505466778806,0.4409282700421941,0.018713204373423054
0.3099549412727356,0.34030698065601345,0.4409282700421941,0.01986963835155592
0.31145864725112915,0.34030698065601345,0.4430379746835443,0.01986963835155592
0.3126550018787384,0.34030698065601345,0.4451476793248945,0.01986963835155592
0.3135608732700348,0.34051724137931033,0.4451476793248945,0.020079899074852803
0.31450802087783813,0.34051724137931033,0.4472573839662447,0.020079899074852803
0.31511470675468445,0.341148023549201,0.4472573839662447,0.020710681244743456
0.3156324028968811,0.341148023549201,0.44936708860759494,0.020710681244743456
0.3168346881866455,0.341148023549201,0.45147679324894513,0.020710681244743456
0.3181525766849518,0.341148023549201,0.45358649789029537,0.020710681244743456
0.3185049593448639,0.3415685449957948,0.45358649789029537,0.02113120269133728
0.3188513517379761,0.3415685449957948,0.45569620253164556,0.02113120269133728
0.31916359066963196,0.3412531539108494,0.45569620253164556,0.0208158116063919
0.3208387792110443,0.3412531539108494,0.4578059071729958,0.0208158116063919
0.3225213289260864,0.3412531539108494,0.459915611814346,0.0208158116063919
0.3227679133415222,0.3412531539108494,0.4620253164556962,0.0208158116063919
0.32323840260505676,0.3412531539108494,0.4641350210970464,0.0208158116063919
0.32657575607299805,0.3417788057190917,0.4641350210970464,0.021341463414634165
0.3298606276512146,0.3417788057190917,0.4641350210970464,0.021341463414634165
0.33097028732299805,0.34188393608074014,0.4641350210970464,0.021446593776282608
0.33249521255493164,0.34188393608074014,0.46624472573839665,0.021446593776282608
0.3350237011909485,0.34188393608074014,0.46835443037974683,0.021446593776282608
0.3400360941886902,0.34261984861227923,0.46835443037974683,0.022182506307821703
0.34414756298065186,0.34261984861227923,0.4704641350210971,0.022182506307821703
0.345184326171875,0.3435660218671152,0.4704641350210971,0.023128679562657684
0.34538811445236206,0.34293523969722456,0.4704641350210971,0.02249789739276703
0.3455699682235718,0.34293523969722456,0.47257383966244726,0.02249789739276703
0.3466857373714447,0.34293523969722456,0.47257383966244726,0.02249789739276703
0.3483709990978241,0.3427249789739277,0.47257383966244726,0.022287636669470146
0.34941935539245605,0.34314550042052144,0.47257383966244726,0.022708158116063915
0.34989121556282043,0.34346089150546677,0.47257383966244726,0.02302354920100924
0.35036149621009827,0.34346089150546677,0.47468354430379744,0.02302354920100924
0.3508389890193939,0.3437762825904121,0.47468354430379744,0.023338940285954568
0.3528899550437927,0.3437762825904121,0.4767932489451477,0.023338940285954568
0.355465829372406,0.343986543313709,0.4767932489451477,0.023549201009251453
0.35629966855049133,0.343986543313709,0.47890295358649787,0.023549201009251453
0.3583407402038574,0.343986543313709,0.47890295358649787,0.023549201009251453
0.3602767884731293,0.343986543313709,0.4810126582278481,0.023549201009251453
0.36060234904289246,0.343986543313709,0.4831223628691983,0.023549201009251453
0.36079609394073486,0.343986543313709,0.48523206751054854,0.023549201009251453
0.36140331625938416,0.343986543313709,0.4873417721518987,0.023549201009251453
0.3620571792125702,0.343986543313709,0.48945147679324896,0.023549201009251453
0.36236393451690674,0.343986543313709,0.49156118143459915,0.023549201009251453
0.3628247082233429,0.343986543313709,0.4936708860759494,0.023549201009251453
0.36347776651382446,0.343986543313709,0.4957805907172996,0.023549201009251453
0.3641378879547119,0.343986543313709,0.4978902953586498,0.023549201009251453
0.36470282077789307,0.343986543313709,0.5,0.023549201009251453
0.3650928735733032,0.343986543313709,0.5021097046413502,0.023549201009251453
0.3660738468170166,0.343986543313709,0.5042194092827004,0.023549201009251453
0.3681955933570862,0.34346089150546677,0.5042194092827004,0.02302354920100924
0.3696361780166626,0.3443019343986543,0.5042194092827004,0.02386459209419678
0.36992231011390686,0.3443019343986543,0.5063291139240507,0.02386459209419678
0.37004363536834717,0.3443019343986543,0.5084388185654009,0.02386459209419678
0.3702828288078308,0.3443019343986543,0.510548523206751,0.02386459209419678
0.37107881903648376,0.34524810765349034,0.510548523206751,0.024810765349032815
0.3725261688232422,0.34577375946173255,0.510548523206751,0.025336417157275026
0.37361955642700195,0.34556349873843567,0.510548523206751,0.025126156433978142
0.374228835105896,0.34556349873843567,0.5126582278481012,0.025126156433978142
0.3751702904701233,0.34556349873843567,0.5147679324894515,0.025126156433978142
0.3764919638633728,0.34556349873843567,0.5168776371308017,0.025126156433978142
0.37721818685531616,0.34524810765349034,0.5168776371308017,0.024810765349032815
0.37823182344436646,0.34524810765349034,0.5189873417721519,0.024810765349032815
0.38006478548049927,0.34524810765349034,0.5189873417721519,0.024810765349032815
0.38172757625579834,0.3460891505466779,0.5189873417721519,0.025651808242220353
0.3828548789024353,0.34671993271656854,0.5189873417721519,0.026282590412111007
0.38548743724823,0.34671993271656854,0.5210970464135021,0.026282590412111007
0.3892461657524109,0.34650967199327165,0.5210970464135021,0.026072329688814122
0.3913745880126953,0.34650967199327165,0.5232067510548524,0.026072329688814122
0.39287877082824707,0.34650967199327165,0.5253164556962026,0.026072329688814122
0.3943421244621277,0.34598402018502944,0.5253164556962026,0.02554667788057191
0.3957592248916626,0.34545836837678723,0.5253164556962026,0.0250210260723297
0.39718252420425415,0.34545836837678723,0.5274261603375527,0.0250210260723297
0.39790886640548706,0.34545836837678723,0.5295358649789029,0.0250210260723297
0.3982725739479065,0.34545836837678723,0.5316455696202531,0.0250210260723297
0.3986208438873291,0.3451429772918419,0.5316455696202531,0.024705634987384373
0.39922094345092773,0.3451429772918419,0.5337552742616034,0.024705634987384373
0.4001816511154175,0.3451429772918419,0.5358649789029536,0.024705634987384373
0.40084052085876465,0.3451429772918419,0.5379746835443038,0.024705634987384373
0.4018113613128662,0.3460891505466779,0.5379746835443038,0.025651808242220353
0.40273821353912354,0.3460891505466779,0.540084388185654,0.025651808242220353
0.403633713722229,0.3460891505466779,0.5421940928270043,0.025651808242220353
0.40439510345458984,0.3460891505466779,0.5443037974683544,0.025651808242220353
0.4047490656375885,0.3460891505466779,0.5464135021097046,0.025651808242220353
0.40558934211730957,0.3460891505466779,0.5485232067510548,0.025651808242220353
0.40731292963027954,0.3460891505466779,0.5506329113924051,0.025651808242220353
0.4087938070297241,0.34598402018502944,0.5506329113924051,0.02554667788057191
0.4099644124507904,0.34598402018502944,0.5527426160337553,0.02554667788057191
0.41104573011398315,0.3461942809083263,0.5527426160337553,0.025756938603868795
0.41176244616508484,0.34650967199327165,0.5527426160337553,0.026072329688814122
0.4153551459312439,0.34650967199327165,0.5548523206751055,0.026072329688814122
0.4184776246547699,0.34650967199327165,0.5569620253164557,0.026072329688814122
0.41960227489471436,0.3471404541631623,0.5569620253164557,0.026703111858704776
0.420823335647583,0.3471404541631623,0.5590717299578059,0.026703111858704776
0.42132437229156494,0.3471404541631623,0.5611814345991561,0.026703111858704776
0.4221237003803253,0.3471404541631623,0.5632911392405063,0.026703111858704776
0.4232390522956848,0.3471404541631623,0.5654008438818565,0.026703111858704776
0.42410561442375183,0.34724558452481075,0.5654008438818565,0.026808242220353218
0.42608219385147095,0.34724558452481075,0.5675105485232067,0.026808242220353218
0.4280698299407959,0.34724558452481075,0.569620253164557,0.026808242220353218
0.4289153814315796,0.3469301934398654,0.569620253164557,0.02649285113540789
0.429813027381897,0.3471404541631623,0.569620253164557,0.026703111858704776
0.4305475354194641,0.34808662741799834,0.569620253164557,0.02764928511354081
0.43139684200286865,0.34808662741799834,0.5717299578059072,0.02764928511354081
0.4322245121002197,0.34808662741799834,0.5738396624472574,0.02764928511354081
0.4342297613620758,0.34808662741799834,0.5759493670886076,0.02764928511354081
0.4364475607872009,0.348717409587889,0.5759493670886076,0.028280067283431465
0.4378308057785034,0.348717409587889,0.5780590717299579,0.028280067283431465
0.4412955045700073,0.348717409587889,0.580168776371308,0.028280067283431465
0.4443429112434387,0.348717409587889,0.5822784810126582,0.028280067283431465
0.4448613226413727,0.348717409587889,0.5843881856540084,0.028280067283431465
0.44530215859413147,0.34913793103448276,0.5843881856540084,0.028700588730025234
0.44657599925994873,0.34955845248107653,0.5843881856540084,0.029121110176619003
0.44806522130966187,0.34955845248107653,0.5864978902953587,0.029121110176619003
0.44859498739242554,0.34955845248107653,0.5886075949367089,0.029121110176619003
0.4489021897315979,0.34955845248107653,0.5886075949367089,0.029121110176619003
0.44912099838256836,0.34955845248107653,0.5886075949367089,0.029121110176619003
0.44954878091812134,0.34955845248107653,0.5907172995780591,0.029121110176619003
0.45037075877189636,0.34955845248107653,0.5928270042194093,0.029121110176619003
0.4509555697441101,0.34955845248107653,0.5949367088607594,0.029121110176619003
0.4511326551437378,0.34955845248107653,0.5970464135021097,0.029121110176619003
0.45159614086151123,0.3492430613961312,0.5970464135021097,0.028805719091673676
0.45207375288009644,0.34955845248107653,0.5970464135021097,0.029121110176619003
0.45240509510040283,0.34955845248107653,0.5970464135021097,0.029121110176619003
0.45290249586105347,0.3501892346509672,0.5970464135021097,0.029751892346509656
0.4532221555709839,0.3501892346509672,0.5991561181434599,0.029751892346509656
0.45350971817970276,0.3501892346509672,0.6012658227848101,0.029751892346509656
0.4544782042503357,0.35060975609756095,0.6012658227848101,0.030172413793103425
0.45628756284713745,0.35060975609756095,0.6033755274261603,0.030172413793103425
0.4578324854373932,0.35124053826745166,0.6033755274261603,0.030803195962994134
0.45851534605026245,0.35124053826745166,0.6054852320675106,0.030803195962994134
0.45877355337142944,0.35124053826745166,0.6075949367088608,0.030803195962994134
0.459214448928833,0.3510302775441548,0.6075949367088608,0.03059293523969725
0.45982664823532104,0.3510302775441548,0.609704641350211,0.03059293523969725
0.46124136447906494,0.3513456686291001,0.609704641350211,0.030908326324642577
0.46278446912765503,0.3513456686291001,0.6118143459915611,0.030908326324642577
0.4634670317173004,0.3513456686291001,0.6139240506329114,0.030908326324642577
0.4648922085762024,0.3513456686291001,0.6160337552742616,0.030908326324642577
0.46760356426239014,0.3513456686291001,0.6181434599156118,0.030908326324642577
0.46920090913772583,0.3518713204373423,0.6181434599156118,0.03143397813288479
0.4694751501083374,0.3518713204373423,0.620253164556962,0.03143397813288479
0.47163933515548706,0.3518713204373423,0.6223628691983122,0.03143397813288479
0.47412651777267456,0.3518713204373423,0.6244725738396625,0.03143397813288479
0.47505539655685425,0.3518713204373423,0.6265822784810127,0.03143397813288479
0.4754933714866638,0.3518713204373423,0.6286919831223629,0.03143397813288479
0.47608017921447754,0.3518713204373423,0.630801687763713,0.03143397813288479
0.4768855571746826,0.3518713204373423,0.6329113924050633,0.03143397813288479
0.47724753618240356,0.3522918418839361,0.6329113924050633,0.03185449957947856
0.4780396521091461,0.3522918418839361,0.6350210970464135,0.03185449957947856
0.4788011312484741,0.3522918418839361,0.6371308016877637,0.03185449957947856
0.47922593355178833,0.3522918418839361,0.6371308016877637,0.03185449957947856
0.48157843947410583,0.35323801513877207,0.6371308016877637,0.03280067283431454
0.4835723042488098,0.35323801513877207,0.6392405063291139,0.03280067283431454
0.4848821461200714,0.35365853658536583,0.6392405063291139,0.033221194280908306
0.4869147837162018,0.35365853658536583,0.6413502109704642,0.033221194280908306
0.4881657361984253,0.35323801513877207,0.6413502109704642,0.03280067283431454
0.48895323276519775,0.35323801513877207,0.6434599156118144,0.03280067283431454
0.4894410967826843,0.35323801513877207,0.6455696202531646,0.03280067283431454
0.48972463607788086,0.35323801513877207,0.6476793248945147,0.03280067283431454
0.4901599884033203,0.35323801513877207,0.6497890295358649,0.03280067283431454
0.4907599091529846,0.35323801513877207,0.6518987341772152,0.03280067283431454
0.4917357563972473,0.3531328847771236,0.6518987341772152,0.032695542472666095
0.49320173263549805,0.3531328847771236,0.6540084388185654,0.032695542472666095
0.4943971037864685,0.3531328847771236,0.6540084388185654,0.032695542472666095
0.4974327087402344,0.3531328847771236,0.6561181434599156,0.032695542472666095
0.5026549100875854,0.35534062237174097,0.6687763713080169,0.03490328006728344
0.505728006362915,0.35534062237174097,0.6687763713080169,0.03490328006728344
0.5063841938972473,0.3558662741799832,0.6687763713080169,0.03542893187552565
0.5070253014564514,0.3558662741799832,0.6708860759493671,0.03542893187552565
0.5083149075508118,0.35628679562657695,0.6708860759493671,0.03584945332211942
0.509950578212738,0.3559714045416316,0.6708860759493671,0.03553406223717409
0.5119271874427795,0.3559714045416316,0.6729957805907173,0.03553406223717409
0.5135744214057922,0.3559714045416316,0.6751054852320675,0.03553406223717409
0.5166149735450745,0.3559714045416316,0.6772151898734177,0.03553406223717409
0.5193302035331726,0.35628679562657695,0.6772151898734177,0.03584945332211942
0.5194976925849915,0.35628679562657695,0.6772151898734177,0.03584945332211942
0.5221600532531738,0.35628679562657695,0.679324894514768,0.03584945332211942
0.5252333879470825,0.35628679562657695,0.679324894514768,0.03584945332211942
0.5261929035186768,0.35628679562657695,0.6814345991561181,0.03584945332211942
0.526924729347229,0.3569175777964676,0.6814345991561181,0.03648023549201007
0.5272510051727295,0.3569175777964676,0.6835443037974683,0.03648023549201007
0.527797520160675,0.3569175777964676,0.6856540084388185,0.03648023549201007
0.5286511182785034,0.3569175777964676,0.6877637130801688,0.03648023549201007
0.5307459831237793,0.35733809924306137,0.6877637130801688,0.03690075693860384
0.5325329303741455,0.35733809924306137,0.689873417721519,0.03690075693860384
0.5331271290779114,0.35733809924306137,0.6919831223628692,0.03690075693860384
0.5339007377624512,0.35733809924306137,0.6940928270042194,0.03690075693860384
0.5341691970825195,0.35733809924306137,0.6962025316455697,0.03690075693860384
0.5349702835083008,0.35817914213624896,0.6962025316455697,0.037741799831791434
0.5360724925994873,0.35817914213624896,0.6983122362869199,0.037741799831791434
0.5367481708526611,0.3590201850294365,0.6983122362869199,0.03858284272497897
0.5385196805000305,0.3590201850294365,0.70042194092827,0.03858284272497897
0.5405042171478271,0.3593355761143818,0.70042194092827,0.0388982338099243
0.5416388511657715,0.3593355761143818,0.7025316455696202,0.0388982338099243
0.5429498553276062,0.3593355761143818,0.7046413502109705,0.0388982338099243
0.5438961982727051,0.3593355761143818,0.7046413502109705,0.0388982338099243
0.544769287109375,0.3597560975609756,0.7046413502109705,0.03931875525651807
0.5454647541046143,0.36017661900756937,0.7046413502109705,0.03973927670311184
0.5457874536514282,0.36101766190075696,0.7046413502109705,0.04058031959629943
0.5464428067207336,0.36154331370899917,0.7046413502109705,0.04110597140454164
0.547347903251648,0.36154331370899917,0.7067510548523207,0.04110597140454164
0.5482364892959595,0.36154331370899917,0.7088607594936709,0.04110597140454164
0.550938069820404,0.3614381833473507,0.7088607594936709,0.0410008410428932
0.5533994436264038,0.3614381833473507,0.7109704641350211,0.0410008410428932
0.5540645122528076,0.3614381833473507,0.7130801687763713,0.0410008410428932
0.5556454658508301,0.3620689655172414,0.7130801687763713,0.04163162321278385
0.5574533939361572,0.3620689655172414,0.7151898734177216,0.04163162321278385
0.5588258504867554,0.3620689655172414,0.7172995780590717,0.04163162321278385
0.5597553849220276,0.3620689655172414,0.7194092827004219,0.04163162321278385
0.5612986087799072,0.3620689655172414,0.7194092827004219,0.04163162321278385
0.5625057220458984,0.3620689655172414,0.7215189873417721,0.04163162321278385
0.5632667541503906,0.36301513877207736,0.7215189873417721,0.04257779646761983
0.5646985769271851,0.3633305298570227,0.7215189873417721,0.04289318755256516
0.5654953718185425,0.3633305298570227,0.7236286919831224,0.04289318755256516
0.5656272768974304,0.36406644238856184,0.7236286919831224,0.04362910008410431
0.5658254623413086,0.36406644238856184,0.7257383966244726,0.04362910008410431
0.566332221031189,0.36406644238856184,0.7278481012658228,0.04362910008410431
0.5675255060195923,0.36406644238856184,0.729957805907173,0.04362910008410431
0.5686519145965576,0.36406644238856184,0.729957805907173,0.04362910008410431
0.5691900253295898,0.36406644238856184,0.7320675105485233,0.04362910008410431
0.571640133857727,0.36459209419680405,0.7320675105485233,0.04415475189234652
0.5741168260574341,0.36459209419680405,0.7341772151898734,0.04415475189234652
0.5745089054107666,0.36459209419680405,0.7362869198312236,0.04415475189234652
0.5748111009597778,0.36459209419680405,0.7383966244725738,0.04415475189234652
0.5758959054946899,0.36459209419680405,0.740506329113924,0.04415475189234652
0.5772929191589355,0.36459209419680405,0.7426160337552743,0.04415475189234652
0.5780729651451111,0.36459209419680405,0.7447257383966245,0.04415475189234652
0.578558087348938,0.36459209419680405,0.7468354430379747,0.04415475189234652
0.5793566703796387,0.36459209419680405,0.7489451476793249,0.04415475189234652
0.5810976028442383,0.36511774600504626,0.7489451476793249,0.04468040370058873
0.5830627679824829,0.36511774600504626,0.7510548523206751,0.04468040370058873
0.5848664045333862,0.36532800672834315,0.7510548523206751,0.04489066442388562
0.5865311622619629,0.36532800672834315,0.7531645569620253,0.04489066442388562
0.5872980356216431,0.3649074852817494,0.7531645569620253,0.04447014297729185
0.5876600742340088,0.3649074852817494,0.7552742616033755,0.04447014297729185
0.5886275768280029,0.3657485281749369,0.7552742616033755,0.04531118587047939
0.5902349948883057,0.366484440706476,0.7552742616033755,0.04604709840201848
0.5917859077453613,0.3670100925147183,0.7552742616033755,0.04657275021026075
0.5927715301513672,0.36764087468460893,0.7552742616033755,0.0472035323801514
0.593106746673584,0.36764087468460893,0.7573839662447257,0.0472035323801514
0.5933884382247925,0.3677460050462574,0.7573839662447257,0.047308662741799845
0.594103217124939,0.3677460050462574,0.759493670886076,0.047308662741799845
0.5956149101257324,0.3677460050462574,0.7616033755274262,0.047308662741799845
0.598181962966919,0.36816652649285114,0.7616033755274262,0.047729184188393614
0.6010936498641968,0.36795626576955426,0.7616033755274262,0.04751892346509673
0.6028498411178589,0.36795626576955426,0.7637130801687764,0.04751892346509673
0.6041329503059387,0.36795626576955426,0.7658227848101266,0.04751892346509673
0.6052915453910828,0.3680613961312027,0.7658227848101266,0.04762405382674517
0.6060158610343933,0.3685870479394449,0.7658227848101266,0.04814970563498738
0.606870174407959,0.3685870479394449,0.7679324894514767,0.04814970563498738
0.6073189973831177,0.3685870479394449,0.770042194092827,0.04814970563498738
0.6074566841125488,0.3685870479394449,0.770042194092827,0.04814970563498738
0.6076174974441528,0.3685870479394449,0.7721518987341772,0.04814970563498738
0.6079490184783936,0.36942809083263245,0.7721518987341772,0.04899074852817492
0.6092017889022827,0.36942809083263245,0.7742616033755274,0.04899074852817492
0.6116586923599243,0.3703742640874685,0.7742616033755274,0.04993692178301096
0.6146541833877563,0.37100504625735914,0.7742616033755274,0.05056770395290161
0.6162609457969666,0.37100504625735914,0.7763713080168776,0.05056770395290161
0.616291880607605,0.3708999158957107,0.7763713080168776,0.05046257359125317
0.6169297099113464,0.3718460891505467,0.7763713080168776,0.05140874684608915
0.6181713342666626,0.3718460891505467,0.7784810126582279,0.05140874684608915
0.6195791959762573,0.3718460891505467,0.7805907172995781,0.05140874684608915
0.6208815574645996,0.372161480235492,0.7805907172995781,0.051724137931034475
0.6218263506889343,0.372161480235492,0.7827004219409283,0.051724137931034475
0.6227549314498901,0.3726871320437342,0.7827004219409283,0.052249789739276686
0.624042272567749,0.3726871320437342,0.7848101265822784,0.052249789739276686
0.6250653266906738,0.3737384356602187,0.7848101265822784,0.053301093355761164
0.6252992153167725,0.3737384356602187,0.7869198312236287,0.053301093355761164
0.6253635883331299,0.3737384356602187,0.7890295358649789,0.053301093355761164
0.6263211965560913,0.3742640874684609,0.7890295358649789,0.053826745164003376
0.627449631690979,0.37489486963835156,0.7890295358649789,0.05445752733389403
0.6285076141357422,0.3753153910849453,0.7890295358649789,0.0548780487804878
0.630448579788208,0.37584104289318754,0.7890295358649789,0.05540370058873001
0.6327736377716064,0.376892346509672,0.7890295358649789,0.05645500420521449
0.6346179246902466,0.377838519764508,0.7890295358649789,0.05740117746005047
0.6355345249176025,0.3783641715727502,0.7890295358649789,0.05792682926829268
0.6367247700691223,0.3791000841042893,0.7890295358649789,0.058662741799831775
0.6385020613670349,0.3791000841042893,0.7911392405063291,0.058662741799831775
0.6393924951553345,0.3791000841042893,0.7932489451476793,0.058662741799831775
0.6404059529304504,0.3796257359125315,0.7932489451476793,0.059188393608073986
0.6418355107307434,0.38057190916736755,0.7932489451476793,0.06013456686291002
0.6434638500213623,0.3812026913372582,0.7932489451476793,0.060765349032800675
0.6452289819717407,0.38183347350714886,0.7932489451476793,0.06139613120269133
0.6463561058044434,0.38204373423044574,0.7932489451476793,0.06160639192598821
0.6470907330513,0.3826745164003364,0.7932489451476793,0.06223717409587887
0.6492655277252197,0.3826745164003364,0.7932489451476793,0.06223717409587887
0.6515511274337769,0.3829899074852817,0.7932489451476793,0.0625525651808242
0.6520686745643616,0.3838309503784693,0.7932489451476793,0.06339360807401179
0.6524976491928101,0.3838309503784693,0.7953586497890295,0.06339360807401179
0.6534233093261719,0.3842514718250631,0.7953586497890295,0.06381412952060556
0.6543525457382202,0.3842514718250631,0.7974683544303798,0.06381412952060556
0.6547267436981201,0.38393608074011776,0.7974683544303798,0.06349873843566023
0.6551475524902344,0.38393608074011776,0.7974683544303798,0.06349873843566023
0.6556625962257385,0.38446173254835997,0.7974683544303798,0.06402439024390244
0.6571862697601318,0.3845668629100084,0.7974683544303798,0.06412952060555088
0.6585158109664917,0.3845668629100084,0.7974683544303798,0.06412952060555088
0.6586239337921143,0.3845668629100084,0.79957805907173,0.06412952060555088
0.658980131149292,0.3845668629100084,0.8016877637130801,0.06412952060555088
0.6598529815673828,0.3845668629100084,0.8037974683544303,0.06412952060555088
0.6615618467330933,0.38467199327165685,0.8037974683544303,0.06423465096719932
0.6627956628799438,0.3853027754415475,0.8037974683544303,0.06486543313708998
0.6638530492782593,0.3853027754415475,0.8059071729957806,0.06486543313708998
0.6648917198181152,0.3853027754415475,0.8080168776371308,0.06486543313708998
0.665008544921875,0.3857232968881413,0.8080168776371308,0.06528595458368375
0.6658794283866882,0.3864592094196804,0.8080168776371308,0.0660218671152229
0.6672022342681885,0.3864592094196804,0.810126582278481,0.0660218671152229
0.6680706739425659,0.3864592094196804,0.8122362869198312,0.0660218671152229
0.6690636873245239,0.38698486122792264,0.8122362869198312,0.06654751892346511
0.6699942350387573,0.38698486122792264,0.8122362869198312,0.06654751892346511
0.6703218221664429,0.3866694701429773,0.8122362869198312,0.06623212783851978
0.6716560125350952,0.38730025231286797,0.8122362869198312,0.06686291000841044
0.6730654239654541,0.38772077375946173,0.8122362869198312,0.0672834314550042
0.6734393835067749,0.3886669470142977,0.8122362869198312,0.06822960470984019
0.6740356683731079,0.3886669470142977,0.8143459915611815,0.06822960470984019
0.6752141714096069,0.3900336417157275,0.8143459915611815,0.06959629941126999
0.6764638423919678,0.3906644238856182,0.8143459915611815,0.07022708158116064
0.6769939661026001,0.3907695542472666,0.8143459915611815,0.07033221194280909
0.6771532297134399,0.39108494533221194,0.8143459915611815,0.07064760302775441
0.6772760152816772,0.3915054667788057,0.8143459915611815,0.07106812447434818
0.677619218826294,0.39213624894869636,0.8143459915611815,0.07169890664423884
0.6792436838150024,0.39266190075693863,0.8143459915611815,0.0722245584524811
0.6814383268356323,0.3928721614802355,0.8143459915611815,0.07243481917577799
0.6826392412185669,0.3928721614802355,0.8164556962025317,0.07243481917577799
0.6831175088882446,0.3928721614802355,0.8185654008438819,0.07243481917577799
0.683890700340271,0.3932926829268293,0.8185654008438819,0.07285534062237176
0.684696614742279,0.3932926829268293,0.8185654008438819,0.07285534062237176
0.6852213144302368,0.3932926829268293,0.820675105485232,0.07285534062237176
0.68613600730896,0.3932926829268293,0.820675105485232,0.07285534062237176
0.6869166493415833,0.39392346509671994,0.820675105485232,0.07348612279226241
0.6873692274093628,0.3947645079899075,0.820675105485232,0.07432716568544995
0.6878169775009155,0.3947645079899075,0.8227848101265823,0.07432716568544995
0.6882942914962769,0.3950798990748528,0.8227848101265823,0.07464255677039527
0.6889485120773315,0.395605550883095,0.8227848101265823,0.07516820857863749
0.6895782947540283,0.3964465937762826,0.8227848101265823,0.07600925147182508
0.6901683807373047,0.3976030277544155,0.8227848101265823,0.07716568544995794
0.6905727386474609,0.39802354920100924,0.8227848101265823,0.07758620689655171
0.6911475658416748,0.3990748528174937,0.8227848101265823,0.07863751051303619
0.6920647025108337,0.39991589571068126,0.8227848101265823,0.07947855340622373
0.692703127861023,0.39991589571068126,0.8248945147679325,0.07947855340622373
0.6930981874465942,0.39991589571068126,0.8270042194092827,0.07947855340622373
0.693785548210144,0.39991589571068126,0.8291139240506329,0.07947855340622373
0.6945525407791138,0.40012615643397814,0.8291139240506329,0.07968881412952061
0.694753885269165,0.4010723296888141,0.8291139240506329,0.0806349873843566
0.6955200433731079,0.4010723296888141,0.8291139240506329,0.0806349873843566
0.6970486640930176,0.4010723296888141,0.8312236286919831,0.0806349873843566
0.6986697912216187,0.40159798149705633,0.8312236286919831,0.0811606391925988
0.6995247006416321,0.4020185029436501,0.8312236286919831,0.08158116063919257
0.6998131275177002,0.4020185029436501,0.8333333333333334,0.08158116063919257
0.7001329660415649,0.40254415475189237,0.8333333333333334,0.08210681244743484
0.7009411454200745,0.40254415475189237,0.8333333333333334,0.08210681244743484
0.70294189453125,0.40328006728343146,0.8333333333333334,0.08284272497897394
0.704242467880249,0.40328006728343146,0.8354430379746836,0.08284272497897394
0.7046761512756348,0.4039108494533221,0.8354430379746836,0.08347350714886459
0.7057961225509644,0.4039108494533221,0.8375527426160337,0.08347350714886459
0.7068679928779602,0.4043313708999159,0.8375527426160337,0.08389402859545836
0.7072789669036865,0.40475189234650966,0.8375527426160337,0.08431455004205213
0.7074429988861084,0.40475189234650966,0.8396624472573839,0.08431455004205213
0.7075857520103455,0.4046467619848612,0.8396624472573839,0.08420941968040369
0.7082124948501587,0.40580319596299413,0.8396624472573839,0.0853658536585366
0.7091336250305176,0.4064339781328848,0.8396624472573839,0.08599663582842726
0.7097935080528259,0.4066442388561817,0.8396624472573839,0.08620689655172414
0.7107563018798828,0.40706476030277544,0.8396624472573839,0.08662741799831791
0.7117254734039307,0.407905803195963,0.8396624472573839,0.08746846089150545
0.712527871131897,0.4084314550042052,0.8396624472573839,0.08799411269974766
0.7136374711990356,0.4084314550042052,0.8417721518987342,0.08799411269974766
0.714414656162262,0.4084314550042052,0.8417721518987342,0.08799411269974766
0.7150988578796387,0.4084314550042052,0.8438818565400844,0.08799411269974766
0.715894877910614,0.4084314550042052,0.8459915611814346,0.08799411269974766
0.7163036465644836,0.408851976450799,0.8459915611814346,0.08841463414634149
0.7164828181266785,0.408851976450799,0.8481012658227848,0.08841463414634149
0.7174232602119446,0.4086417157275021,0.8481012658227848,0.08820437342304455
0.71875,0.4092724978973928,0.8481012658227848,0.08883515559293526
0.719290018081665,0.4092724978973928,0.8481012658227848,0.08883515559293526
0.7195652723312378,0.40990328006728344,0.8481012658227848,0.08946593776282591
0.7202689051628113,0.40990328006728344,0.8502109704641351,0.08946593776282591
0.7209088802337646,0.41021867115222876,0.8502109704641351,0.08978132884777124
0.7219854593276978,0.41116484440706474,0.8502109704641351,0.09072750210260722
0.723279595375061,0.4108494533221194,0.8502109704641351,0.09041211101766189
0.7237085700035095,0.4108494533221194,0.8523206751054853,0.09041211101766189
0.7238190174102783,0.41063919259882253,0.8523206751054853,0.090201850294365
0.724611759185791,0.4115853658536585,0.8523206751054853,0.09114802354920098
0.7254982590675354,0.4115853658536585,0.8544303797468354,0.09114802354920098
0.7258935570716858,0.4115853658536585,0.8544303797468354,0.09114802354920098
0.7265164852142334,0.41232127838519766,0.8544303797468354,0.09188393608074014
0.7269399166107178,0.4128469301934399,0.8544303797468354,0.09240958788898235
0.7271723747253418,0.412636669470143,0.8544303797468354,0.09219932716568546
0.7274569272994995,0.41347771236333053,0.8544303797468354,0.093040370058873
0.7278779745101929,0.41347771236333053,0.8565400843881856,0.093040370058873
0.7287164926528931,0.41452901597981495,0.8565400843881856,0.09409167367535742
0.7298017740249634,0.4142136248948696,0.8565400843881856,0.0937762825904121
0.7305983304977417,0.41473927670311184,0.8565400843881856,0.09430193439865431
0.731323778629303,0.41642136248948697,0.8565400843881856,0.09598402018502944
0.7327848076820374,0.41642136248948697,0.8565400843881856,0.09598402018502944
0.7345999479293823,0.41684188393608074,0.8565400843881856,0.09640454163162321
0.7355883717536926,0.41684188393608074,0.8586497890295358,0.09640454163162321
0.7366950511932373,0.4165264928511354,0.8586497890295358,0.09608915054667788
0.7376474738121033,0.4169470142977292,0.8586497890295358,0.09650967199327165
0.7377574443817139,0.41736753574432295,0.8586497890295358,0.09693019343986542
0.7382972240447998,0.418313708999159,0.8586497890295358,0.09787636669470146
0.7388980984687805,0.418313708999159,0.8607594936708861,0.09787636669470146
0.7392531633377075,0.418313708999159,0.8607594936708861,0.09787636669470146
0.7397505044937134,0.41894449116904964,0.8607594936708861,0.09850714886459211
0.7400988340377808,0.41968040370058873,0.8607594936708861,0.0992430613961312
0.7409064769744873,0.4201009251471825,0.8607594936708861,0.09966358284272497
0.7419711351394653,0.42073170731707316,0.8607594936708861,0.10029436501261563
0.7426468133926392,0.42073170731707316,0.8628691983122363,0.10029436501261563
0.7434078454971313,0.42094196804037004,0.8628691983122363,0.10050462573591251
0.7441245317459106,0.4206265769554247,0.8628691983122363,0.10018923465096718
0.7445098161697388,0.4206265769554247,0.8628691983122363,0.10018923465096718
0.7451901435852051,0.42157275021026075,0.8628691983122363,0.10113540790580322
0.7461415529251099,0.42304457527333894,0.8628691983122363,0.10260723296888141
0.7466365098953247,0.42262405382674517,0.8628691983122363,0.10218671152228764
0.7468136548995972,0.4232548359966358,0.8628691983122363,0.1028174936921783
0.748293399810791,0.4232548359966358,0.8628691983122363,0.1028174936921783
0.750062108039856,0.42409587888982336,0.8628691983122363,0.10365853658536583
0.7506955862045288,0.4239907485281749,0.8628691983122363,0.10355340622371739
0.7532752752304077,0.4244112699747687,0.8628691983122363,0.10397392767031116
0.7555938363075256,0.4252523128679563,0.8628691983122363,0.10481497056349875
0.758469820022583,0.4259882253994954,0.8628691983122363,0.10555088309503785
0.7614670395851135,0.42693439865433136,0.8628691983122363,0.10649705634987383
0.7621827125549316,0.4270395290159798,0.8628691983122363,0.10660218671152227
0.7630614042282104,0.4270395290159798,0.8649789029535865,0.10660218671152227
0.7642383575439453,0.4270395290159798,0.8649789029535865,0.10660218671152227
0.7654351592063904,0.42619848612279226,0.8649789029535865,0.10576114381833474
0.7664393186569214,0.4267241379310345,0.8649789029535865,0.10628679562657695
0.7671790719032288,0.42714465937762824,0.8649789029535865,0.10670731707317072
0.7674652338027954,0.42714465937762824,0.8649789029535865,0.10670731707317072
0.7676590085029602,0.42746005046257357,0.8649789029535865,0.10702270815811604
0.7681154608726501,0.42735492010092513,0.8649789029535865,0.1069175777964676
0.768636167049408,0.42661900756938603,0.8649789029535865,0.1061816652649285
0.768925130367279,0.4272497897392767,0.8649789029535865,0.10681244743481916
0.7701334953308105,0.42788057190916734,0.8649789029535865,0.10744322960470981
0.7713878750801086,0.4284062237174096,0.8649789029535865,0.10796888141295208
0.7716723084449768,0.4289318755256518,0.8649789029535865,0.10849453322119429
0.7717459201812744,0.4293523969722456,0.8649789029535865,0.10891505466778806
0.7720286846160889,0.4298780487804878,0.8649789029535865,0.10944070647603027
0.7729089260101318,0.43029857022708157,0.8649789029535865,0.10986122792262404
0.7737420797348022,0.4308242220353238,0.8649789029535865,0.11038687973086625
0.7747819423675537,0.4312447434819176,0.8649789029535865,0.11080740117746007
0.775688648223877,0.43113961312026916,0.8649789029535865,0.11070227081581163
0.7766605615615845,0.43113961312026916,0.8670886075949367,0.11070227081581163
0.7778452634811401,0.4317703952901598,0.8670886075949367,0.11133305298570229
0.7784023284912109,0.43240117746005047,0.8670886075949367,0.11196383515559294
0.7789848446846008,0.4327165685449958,0.8670886075949367,0.11227922624053827
0.7799655199050903,0.43334735071488645,0.8670886075949367,0.11291000841042892
0.781396210193634,0.4339781328847771,0.8670886075949367,0.11354079058031957
0.7821743488311768,0.43408326324642554,0.8670886075949367,0.11364592094196801
0.7831047177314758,0.43408326324642554,0.869198312236287,0.11364592094196801
0.7840964794158936,0.43408326324642554,0.8713080168776371,0.11364592094196801
0.7845430374145508,0.4350294365012616,0.8713080168776371,0.11459209419680405
0.7861578464508057,0.4358704793944491,0.8713080168776371,0.11543313708999159
0.7874795198440552,0.43597560975609756,0.8713080168776371,0.11553826745164003
0.7878263592720032,0.4368166526492851,0.8713080168776371,0.11637931034482757
0.7882095575332642,0.43744743481917575,0.8713080168776371,0.11701009251471822
0.7884252071380615,0.43776282590412113,0.8713080168776371,0.1173254835996636
0.7886630296707153,0.43776282590412113,0.8734177215189873,0.1173254835996636
0.7889455556869507,0.43849873843566023,0.8734177215189873,0.1180613961312027
0.7892493605613708,0.438919259882254,0.8734177215189873,0.11848191757779647
0.7894221544265747,0.4396551724137931,0.8734177215189873,0.11921783010933557
0.7897486686706543,0.44028595458368375,0.8734177215189873,0.11984861227922622
0.7902458310127258,0.44028595458368375,0.8755274261603375,0.11984861227922622
0.790542483329773,0.44028595458368375,0.8776371308016878,0.11984861227922622
0.7906818389892578,0.44091673675357446,0.8776371308016878,0.12047939444911693
0.7913740277290344,0.44144238856181667,0.8776371308016878,0.12100504625735914
0.7925347089767456,0.44144238856181667,0.879746835443038,0.12100504625735914
0.7932045459747314,0.4419680403700589,0.879746835443038,0.12153069806560135
0.7944495677947998,0.442703952901598,0.879746835443038,0.12226661059714045
0.795699954032898,0.442703952901598,0.8818565400843882,0.12226661059714045
0.7961350083351135,0.44291421362489486,0.8818565400843882,0.12247687132043733
0.7977544069290161,0.44291421362489486,0.8839662447257384,0.12247687132043733
0.7995522022247314,0.44291421362489486,0.8839662447257384,0.12247687132043733
0.8005478382110596,0.4435449957947855,0.8839662447257384,0.12310765349032798
0.8016418218612671,0.4435449957947855,0.8860759493670886,0.12310765349032798
0.8022611141204834,0.4432296047098402,0.8860759493670886,0.12279226240538266
0.8024690747261047,0.4432296047098402,0.8881856540084389,0.12279226240538266
0.8026600480079651,0.44428090832632466,0.8881856540084389,0.12384356602186714
0.8027797937393188,0.44449116904962155,0.8881856540084389,0.12405382674516402
0.8030961751937866,0.44449116904962155,0.8881856540084389,0.12405382674516402
0.803686797618866,0.44449116904962155,0.8881856540084389,0.12405382674516402
0.804088830947876,0.4449116904962153,0.8881856540084389,0.12447434819175779
0.8041561841964722,0.4448065601345669,0.8881856540084389,0.12436921783010935
0.8043645620346069,0.4453322119428091,0.8881856540084389,0.12489486963835156
0.8053700923919678,0.44554247266610597,0.8881856540084389,0.12510513036164844
0.8067810535430908,0.44554247266610597,0.890295358649789,0.12510513036164844
0.807687520980835,0.44648864592094195,0.890295358649789,0.12605130361648442
0.8080509901046753,0.4468040370058873,0.890295358649789,0.12636669470142975
0.8081154227256775,0.44732968881412954,0.890295358649789,0.12689234650967202
0.8086847066879272,0.4477502102607233,0.890295358649789,0.12731286795626579
0.8095805048942566,0.44806560134566864,0.890295358649789,0.1276282590412111
0.8100454211235046,0.44806560134566864,0.8924050632911392,0.1276282590412111
0.8102213144302368,0.44806560134566864,0.8945147679324894,0.1276282590412111
0.8114850521087646,0.4489066442388562,0.8945147679324894,0.12846930193439865
0.8129230737686157,0.44859125315391085,0.8945147679324894,0.12815391084945332
0.8131834864616394,0.4490117746005046,0.8945147679324894,0.1285744322960471
0.8133116364479065,0.4490117746005046,0.8945147679324894,0.1285744322960471
0.8136407136917114,0.44953742640874683,0.8945147679324894,0.1291000841042893
0.8144936561584473,0.45048359966358287,0.8945147679324894,0.13004625735912534
0.8158956170082092,0.45048359966358287,0.8966244725738397,0.13004625735912534
0.8168374300003052,0.45142977291841885,0.8966244725738397,0.13099243061396132
0.8172733783721924,0.45195542472666106,0.8966244725738397,0.13151808242220353
0.817996621131897,0.45142977291841885,0.8966244725738397,0.13099243061396132
0.8186944723129272,0.45142977291841885,0.8987341772151899,0.13099243061396132
0.820122241973877,0.45121951219512196,0.8987341772151899,0.13078216989066443
0.8213378190994263,0.45164003364171573,0.8987341772151899,0.1312026913372582
0.8214292526245117,0.45142977291841885,0.8987341772151899,0.13099243061396132
0.8217524290084839,0.4531118587047939,0.8987341772151899,0.1326745164003364
0.822109580039978,0.4531118587047939,0.9008438818565401,0.1326745164003364
0.8222646117210388,0.45353238015138775,0.9008438818565401,0.13309503784693022
0.8225153088569641,0.4541631623212784,0.9008438818565401,0.13372582001682087
0.8229268193244934,0.45458368376787217,0.9008438818565401,0.13414634146341464
0.8240941762924194,0.45458368376787217,0.9008438818565401,0.13414634146341464
0.8251116275787354,0.4554247266610597,0.9008438818565401,0.13498738435660218
0.8258662819862366,0.4558452481076535,0.9008438818565401,0.13540790580319595
0.8268318176269531,0.4565811606391926,0.9008438818565401,0.13614381833473505
0.8275423049926758,0.4570016820857864,0.9008438818565401,0.13656433978132887
0.8279619216918945,0.4580529857022708,0.9008438818565401,0.1376156433978133
0.8280513286590576,0.45857863751051303,0.9008438818565401,0.1381412952060555
0.828299343585968,0.4593145500420521,0.9008438818565401,0.1388772077375946
0.8284898996353149,0.4601555929352397,0.9008438818565401,0.1397182506307822
0.8287630677223206,0.4611017661900757,0.9008438818565401,0.14066442388561817
0.8295242786407471,0.4618376787216148,0.9008438818565401,0.14140033641715727
0.8303040266036987,0.46267872161480234,0.9008438818565401,0.1422413793103448
0.830755352973938,0.46267872161480234,0.9029535864978903,0.1422413793103448
0.8310165405273438,0.4634146341463415,0.9029535864978903,0.14297729184188396
0.8311306834220886,0.4639402859545837,0.9029535864978903,0.14350294365012617
0.831660270690918,0.464255677039529,0.9029535864978903,0.1438183347350715
0.8325212001800537,0.46436080740117747,0.9029535864978903,0.14392346509671994
0.8334870338439941,0.46436080740117747,0.9050632911392406,0.14392346509671994
0.8341118693351746,0.4648864592094197,0.9050632911392406,0.14444911690496215
0.8345423936843872,0.4648864592094197,0.9071729957805907,0.14444911690496215
0.8349846601486206,0.46551724137931033,0.9071729957805907,0.1450798990748528
0.8351422548294067,0.46551724137931033,0.9092827004219409,0.1450798990748528
0.8357909917831421,0.4663582842724979,0.9092827004219409,0.1459209419680404
0.8365650177001953,0.46719932716568546,0.9092827004219409,0.14676198486122793
0.8369140625,0.46740958788898235,0.9092827004219409,0.14697224558452482
0.8373032808303833,0.46846089150546677,0.9092827004219409,0.14802354920100924
0.8381341695785522,0.46919680403700587,0.9092827004219409,0.14875946173254834
0.8389573097229004,0.46919680403700587,0.9113924050632911,0.14875946173254834
0.839450478553772,0.4701429772918419,0.9113924050632911,0.14970563498738437
0.839820146560669,0.47045836837678723,0.9113924050632911,0.1500210260723297
0.8402478694915771,0.470878889823381,0.9113924050632911,0.15044154751892347
0.8407347798347473,0.4716148023549201,0.9113924050632911,0.15117746005046256
0.8411484360694885,0.4721404541631623,0.9113924050632911,0.15170311185870478
0.8415436744689941,0.4725609756097561,0.9113924050632911,0.15212363330529854
0.8417840003967285,0.47340201850294367,0.9113924050632911,0.15296467619848614
0.842258095741272,0.4740328006728343,0.9113924050632911,0.1535954583683768
0.8427638411521912,0.47487384356602186,0.9113924050632911,0.15443650126156433
0.8428627252578735,0.47582001682085784,0.9113924050632911,0.1553826745164003
0.843058705329895,0.47645079899074855,0.9113924050632911,0.15601345668629102
0.8433058261871338,0.47666105971404543,0.9113924050632911,0.1562237174095879
0.8438836336135864,0.47666105971404543,0.9135021097046413,0.1562237174095879
0.8443970680236816,0.47750210260723297,0.9135021097046413,0.15706476030277544
0.8444130420684814,0.47823801513877207,0.9135021097046413,0.15780067283431454
0.8446446657180786,0.47865853658536583,0.9135021097046413,0.1582211942809083
0.8451058864593506,0.47928931875525654,0.9135021097046413,0.15885197645079902
0.8455977439880371,0.47928931875525654,0.9156118143459916,0.15885197645079902
0.8464850187301636,0.4801303616484441,0.9156118143459916,0.15969301934398655
0.8474500179290771,0.48055088309503785,0.9156118143459916,0.16011354079058032
0.8480559587478638,0.48128679562657695,0.9156118143459916,0.16084945332211942
0.848487377166748,0.48128679562657695,0.9156118143459916,0.16084945332211942
0.8486552834510803,0.48233809924306137,0.9156118143459916,0.16190075693860384
0.8491736054420471,0.48338940285954585,0.9156118143459916,0.16295206055508832
0.8497756719589233,0.48338940285954585,0.9156118143459916,0.16295206055508832
0.8502895832061768,0.4838099243061396,0.9156118143459916,0.1633725820016821
0.8510116934776306,0.48465096719932715,0.9156118143459916,0.16421362489486963
0.8516796231269836,0.48465096719932715,0.9156118143459916,0.16421362489486963
0.8521566390991211,0.48465096719932715,0.9156118143459916,0.16421362489486963
0.8525997996330261,0.48538687973086625,0.9156118143459916,0.16494953742640872
0.853192150592804,0.48601766190075696,0.9156118143459916,0.16558031959629943
0.8535933494567871,0.48601766190075696,0.9156118143459916,0.16558031959629943
0.8542066216468811,0.48696383515559294,0.9156118143459916,0.1665264928511354
0.8549590110778809,0.48696383515559294,0.9156118143459916,0.1665264928511354
0.8552612662315369,0.48769974768713203,0.9156118143459916,0.1672624053826745
0.8553680181503296,0.4881202691337258,0.9156118143459916,0.16768292682926828
0.8555979132652283,0.4875946173254836,0.9156118143459916,0.16715727502102606
0.8561748266220093,0.4885407905803196,0.9156118143459916,0.16810344827586204
0.8568069338798523,0.4891715727502103,0.9156118143459916,0.16873423044575275
0.8570321798324585,0.4891715727502103,0.9156118143459916,0.16873423044575275
0.8573881387710571,0.4899074852817494,0.9156118143459916,0.16947014297729185
0.8580284118652344,0.49085365853658536,0.9156118143459916,0.17041631623212783
0.8583513498306274,0.491484440706476,0.9156118143459916,0.17104709840201848
0.8585970401763916,0.4919049621530698,0.9156118143459916,0.17146761984861225
0.858853816986084,0.4923254835996636,0.9156118143459916,0.17188814129520608
0.8590632677078247,0.4923254835996636,0.9177215189873418,0.17188814129520608
0.8592607975006104,0.4928511354079058,0.9177215189873418,0.1724137931034483
0.8593616485595703,0.4927460050462574,0.9177215189873418,0.17230866274179985
0.8601188063621521,0.4927460050462574,0.9177215189873418,0.17230866274179985
0.8609802722930908,0.4932716568544996,0.9177215189873418,0.17283431455004206
0.8612620830535889,0.49421783010933557,0.9177215189873418,0.17378048780487804
0.8613646030426025,0.49526913372582004,0.9177215189873418,0.17483179142136251
0.8616657257080078,0.49579478553406225,0.9177215189873418,0.17535744322960473
0.8619972467422485,0.49600504625735914,0.9177215189873418,0.1755677039529016
0.862852931022644,0.49632043734230447,0.9177215189873418,0.17588309503784694
0.8639923334121704,0.49726661059714045,0.9177215189873418,0.17682926829268292
0.8644107580184937,0.498107653490328,0.9177215189873418,0.17767031118587046
0.8646523952484131,0.49863330529857025,0.9177215189873418,0.17819596299411272
0.8650956749916077,0.49863330529857025,0.919831223628692,0.17819596299411272
0.8655272722244263,0.49915895710681246,0.919831223628692,0.17872161480235493
0.8657971620559692,0.49957947855340623,0.919831223628692,0.1791421362489487
0.8659588694572449,0.4997897392767031,0.919831223628692,0.1793523969722456
0.8661097288131714,0.5006307821698907,0.919831223628692,0.18019343986543312
0.8664492964744568,0.5010513036164844,0.919831223628692,0.1806139613120269
0.8666670322418213,0.5016820857863751,0.919831223628692,0.18124474348191755
0.8667333126068115,0.5016820857863751,0.9219409282700421,0.18124474348191755
0.8668949604034424,0.5014718250630782,0.9219409282700421,0.18103448275862066
0.8673096299171448,0.5014718250630782,0.9240506329113924,0.18103448275862066
0.8676425218582153,0.5030487804878049,0.9240506329113924,0.18261143818334735
0.8677383661270142,0.5030487804878049,0.9240506329113924,0.18261143818334735
0.8684428930282593,0.5030487804878049,0.9240506329113924,0.18261143818334735
0.8691293001174927,0.5034693019343986,0.9240506329113924,0.18303195962994112
0.8691954612731934,0.5041000841042893,0.9240506329113924,0.18366274179983177
0.8692396879196167,0.5050462573591253,0.9240506329113924,0.1846089150546678
0.8696340918540955,0.505677039529016,0.9240506329113924,0.18523969722455846
0.8700766563415527,0.5058873002523129,0.9240506329113924,0.18544995794785535
0.8702185750007629,0.5059924306139613,0.9240506329113924,0.18555508830950374
0.8704394102096558,0.5062026913372581,0.9240506329113924,0.18576534903280062
0.870611310005188,0.5065180824222035,0.9240506329113924,0.186080740117746
0.870617687702179,0.5062026913372581,0.9240506329113924,0.18576534903280062
0.8710463643074036,0.5062026913372581,0.9261603375527426,0.18576534903280062
0.8721051812171936,0.5072539949537427,0.9261603375527426,0.18681665264928515
0.8735003471374512,0.5083052985702271,0.9261603375527426,0.18786795626576958
0.8746970891952515,0.5090412111017661,0.9261603375527426,0.18860386879730862
0.8751637935638428,0.5098822539949538,0.9261603375527426,0.18944491169049626
0.8752660155296326,0.5105130361648444,0.9261603375527426,0.19007569386038692
0.875572919845581,0.5105130361648444,0.9261603375527426,0.19007569386038692
0.8758703470230103,0.5112489486963835,0.9261603375527426,0.19081160639192596
0.8759331703186035,0.5119848612279226,0.9261603375527426,0.1915475189234651
0.8760273456573486,0.5121951219512195,0.9261603375527426,0.191757779646762
0.8762040734291077,0.5128259041211102,0.9261603375527426,0.19238856181665265
0.8763400316238403,0.513246425567704,0.9261603375527426,0.19280908326324642
0.8769650459289551,0.5140874684608915,0.9261603375527426,0.19365012615643395
0.8777132034301758,0.5150336417157275,0.9261603375527426,0.19459629941127
0.8781866431236267,0.5156644238856182,0.9261603375527426,0.19522708158116064
0.878624439239502,0.5156644238856182,0.9282700421940928,0.19522708158116064
0.8787856101989746,0.5160849453322119,0.9282700421940928,0.1956476030277544
0.8789529800415039,0.5169259882253995,0.9282700421940928,0.19648864592094195
0.8790991902351379,0.5176619007569386,0.9282700421940928,0.1972245584524811
0.8792325854301453,0.5181875525651808,0.9282700421940928,0.19775021026072326
0.8803087472915649,0.5189234650967199,0.9282700421940928,0.1984861227922624
0.8812602758407593,0.5195542472666106,0.9282700421940928,0.19911690496215306
0.8814582824707031,0.5200798990748529,0.9282700421940928,0.19964255677039533
0.881666898727417,0.5200798990748529,0.9282700421940928,0.19964255677039533
0.8818178176879883,0.520605550883095,0.9282700421940928,0.20016820857863749
0.8821069002151489,0.5205004205214466,0.9282700421940928,0.2000630782169891
0.8823325634002686,0.5213414634146342,0.9282700421940928,0.20090412111017664
0.8824448585510254,0.5221825063078217,0.9282700421940928,0.20174516400336417
0.8831859827041626,0.5229184188393609,0.9282700421940928,0.20248107653490333
0.8842920064926147,0.5233389402859546,0.9282700421940928,0.2029015979814971
0.8849244713783264,0.5242851135407905,0.9282700421940928,0.20384777123633302
0.8852854371070862,0.5249158957106812,0.9282700421940928,0.20447855340622367
0.8854892253875732,0.5256518082422204,0.9282700421940928,0.20521446593776282
0.8856139183044434,0.5269133725820017,0.9282700421940928,0.20647603027754413
0.8857134580612183,0.5269133725820017,0.930379746835443,0.20647603027754413
0.8859308958053589,0.5275441547518923,0.930379746835443,0.20710681244743478
0.8863164186477661,0.5275441547518923,0.9324894514767933,0.20710681244743478
0.8865642547607422,0.5283851976450799,0.9324894514767933,0.20794785534062232
0.8866966962814331,0.5278595458368377,0.9324894514767933,0.20742220353238017
0.8870766162872314,0.5279646761984861,0.9324894514767933,0.20752733389402855
0.8875482082366943,0.5279646761984861,0.9345991561181435,0.20752733389402855
0.8878803253173828,0.5279646761984861,0.9367088607594937,0.20752733389402855
0.8881850242614746,0.5283851976450799,0.9367088607594937,0.20794785534062232
0.8884567022323608,0.5295416316232128,0.9367088607594937,0.20910428931875524
0.8887736797332764,0.5297518923465097,0.9367088607594937,0.20931455004205213
0.8892134428024292,0.5297518923465097,0.9367088607594937,0.20931455004205213
0.8896353244781494,0.5304878048780488,0.9367088607594937,0.21005046257359128
0.8899621367454529,0.5304878048780488,0.9388185654008439,0.21005046257359128
0.8906382322311401,0.5309083263246426,0.9388185654008439,0.21047098402018505
0.8911948800086975,0.5316442388561816,0.9388185654008439,0.2112068965517241
0.8915058374404907,0.5322750210260724,0.9388185654008439,0.21183767872161485
0.8922153115272522,0.532905803195963,0.9388185654008439,0.2124684608915055
0.8927502632141113,0.5331160639192599,0.9388185654008439,0.2126787216148024
0.8929224014282227,0.533851976450799,0.9388185654008439,0.21341463414634143
0.8929876089096069,0.5349032800672834,0.9388185654008439,0.21446593776282585
0.8931072950363159,0.5354289318755256,0.9388185654008439,0.21499158957106812
0.8932621479034424,0.5360597140454163,0.9388185654008439,0.21562237174095877
0.8934968709945679,0.535744322960471,0.9388185654008439,0.2153069806560135
0.8941923975944519,0.5362699747687132,0.9388185654008439,0.21583263246425566
0.894752562046051,0.536690496215307,0.9388185654008439,0.21625315391084943
0.8948835134506226,0.5371110176619007,0.9388185654008439,0.2166736753574432
0.8949657678604126,0.5371110176619007,0.9409282700421941,0.2166736753574432
0.895073652267456,0.5381623212783851,0.9409282700421941,0.21772497897392762
0.8953660130500793,0.5381623212783851,0.9409282700421941,0.21772497897392762
0.8959387540817261,0.5384777123633305,0.9409282700421941,0.218040370058873
0.896369993686676,0.5382674516400336,0.9409282700421941,0.21783010933557612
0.8966203927993774,0.5377417998317914,0.9409282700421941,0.21730445752733385
0.8968598246574402,0.5384777123633305,0.9409282700421941,0.218040370058873
0.8969283103942871,0.5390033641715728,0.9409282700421941,0.21856602186711527
0.8973342180252075,0.5398444070647603,0.9409282700421941,0.2194070647603028
0.8977378606796265,0.540475189234651,0.9409282700421941,0.22003784693019346
0.8978452682495117,0.5406854499579479,0.9409282700421941,0.22024810765349034
0.8981313705444336,0.5411059714045416,0.9409282700421941,0.2206686291000841
0.8984997272491455,0.5411059714045416,0.9430379746835443,0.2206686291000841
0.8988838195800781,0.5417367535744323,0.9430379746835443,0.22129941126997477
0.8992133140563965,0.5426829268292683,0.9430379746835443,0.2222455845248108
0.8999354243278503,0.5425777964676198,0.9430379746835443,0.2221404541631623
0.9007015228271484,0.5429983179142136,0.9430379746835443,0.22256097560975607
0.900854766368866,0.5428931875525652,0.9430379746835443,0.2224558452481077
0.9011209011077881,0.5435239697224559,0.9430379746835443,0.22308662741799834
0.9016855955123901,0.5442598822539949,0.9430379746835443,0.22382253994953738
0.9021521806716919,0.5445752733389403,0.9430379746835443,0.22413793103448276
0.9028232097625732,0.5445752733389403,0.9451476793248945,0.22413793103448276
0.903410792350769,0.5448906644238857,0.9451476793248945,0.22445332211942814
0.9035285711288452,0.5458368376787216,0.9451476793248945,0.22539949537426407
0.9036029577255249,0.5458368376787216,0.9472573839662447,0.22539949537426407
0.9036845564842224,0.5459419680403701,0.9472573839662447,0.22550462573591257
0.9037814140319824,0.5459419680403701,0.9472573839662447,0.22550462573591257
0.9038972854614258,0.5459419680403701,0.9472573839662447,0.22550462573591257
0.9040359854698181,0.5459419680403701,0.9472573839662447,0.22550462573591257
0.90415358543396,0.5449957947855341,0.9472573839662447,0.22455845248107653
0.9042564630508423,0.5449957947855341,0.9472573839662447,0.22455845248107653
0.9043591022491455,0.5458368376787216,0.9472573839662447,0.22539949537426407
0.9044393301010132,0.5459419680403701,0.9472573839662447,0.22550462573591257
0.9046453237533569,0.5465727502102607,0.9472573839662447,0.22613540790580322
0.9050711393356323,0.5470984020185029,0.9472573839662447,0.22666105971404538
0.9055132269859314,0.546888141295206,0.9472573839662447,0.2264507989907485
0.9057577848434448,0.5477291841883936,0.9472573839662447,0.22729184188393603
0.9058920741081238,0.5475189234650967,0.9472573839662447,0.22708158116063915
0.9060690402984619,0.5480445752733389,0.9472573839662447,0.2276072329688814
0.9064160585403442,0.548990748528175,0.9472573839662447,0.22855340622371745
0.9068725109100342,0.549726661059714,0.9472573839662447,0.2292893187552565
0.9071066379547119,0.5503574432296047,0.9472573839662447,0.22992010092514714
0.9072095155715942,0.5513036164844407,0.9472573839662447,0.23086627417998318
0.9073880910873413,0.5513036164844407,0.9493670886075949,0.23086627417998318
0.9075372219085693,0.5513036164844407,0.9493670886075949,0.23086627417998318
0.9077033400535583,0.551829268292683,0.9493670886075949,0.23139192598822544
0.9078773260116577,0.5528805719091674,0.9493670886075949,0.23244322960470987
0.9080117344856262,0.5534062237174096,0.9493670886075949,0.23296888141295202
0.908190131187439,0.5534062237174096,0.9493670886075949,0.23296888141295202
0.9083336591720581,0.5534062237174096,0.9514767932489452,0.23296888141295202
0.9087517261505127,0.5540370058873002,0.9514767932489452,0.23359966358284268
0.9093616008758545,0.5548780487804879,0.9514767932489452,0.23444070647603032
0.9096370935440063,0.5556139613120269,0.9514767932489452,0.23517661900756937
0.9100257754325867,0.5558242220353238,0.9514767932489452,0.23538687973086625
0.9103943705558777,0.5562447434819175,0.9514767932489452,0.23580740117746002
0.9109015464782715,0.5557190916736754,0.9514767932489452,0.23528174936921786
0.9114850163459778,0.5562447434819175,0.9514767932489452,0.23580740117746002
0.911712110042572,0.5562447434819175,0.9535864978902954,0.23580740117746002
0.911859393119812,0.5566652649285113,0.9535864978902954,0.2362279226240538
0.9121249914169312,0.5576114381833474,0.9535864978902954,0.23717409587888982
0.9126032590866089,0.5581370899915896,0.9535864978902954,0.2376997476871321
0.9129303693771362,0.5583473507148865,0.9535864978902954,0.23791000841042897
0.9131268858909607,0.5590832632464255,0.9535864978902954,0.23864592094196801
0.9132921695709229,0.5597140454163162,0.9535864978902954,0.23927670311185867
0.913357138633728,0.5597140454163162,0.9535864978902954,0.23927670311185867
0.9134975075721741,0.5603448275862069,0.9535864978902954,0.23990748528174932
0.9139999151229858,0.5607653490328006,0.9535864978902954,0.2403280067283431
0.9143954515457153,0.5611858704793945,0.9535864978902954,0.24074852817493697
0.9144282937049866,0.562026913372582,0.9535864978902954,0.2415895710681245
0.9145289659500122,0.562026913372582,0.9535864978902954,0.2415895710681245
0.914695143699646,0.562026913372582,0.9535864978902954,0.2415895710681245
0.9147859811782837,0.562026913372582,0.9535864978902954,0.2415895710681245
0.9149609804153442,0.5630782169890665,0.9535864978902954,0.24264087468460893
0.915185809135437,0.5630782169890665,0.9556962025316456,0.24264087468460893
0.9152939319610596,0.5627628259041211,0.9556962025316456,0.24232548359966355
0.9154041409492493,0.5632884777123633,0.9556962025316456,0.24285113540790582
0.9154921174049377,0.5630782169890665,0.9556962025316456,0.24264087468460893
0.9155263900756836,0.5637089991589571,0.9556962025316456,0.24327165685449958
0.915704607963562,0.5643397813288478,0.9556962025316456,0.24390243902439024
0.9158918857574463,0.5652859545836838,0.9556962025316456,0.24484861227922627
0.9159804582595825,0.5661269974768713,0.9556962025316456,0.2456896551724138
0.9161883592605591,0.5665475189234651,0.9556962025316456,0.24611017661900758
0.9164469838142395,0.5673885618166526,0.9556962025316456,0.24695121951219512
0.9166968464851379,0.5680193439865433,0.9556962025316456,0.24758200168208577
0.9171949625015259,0.5689655172413793,0.9556962025316456,0.2485281749369218
0.9175559282302856,0.5694911690496215,0.9556962025316456,0.24905382674516396
0.9176381826400757,0.570332211942809,0.9556962025316456,0.2498948696383515
0.9177653789520264,0.5709629941126998,0.9556962025316456,0.25052565180824227
0.9178466796875,0.5709629941126998,0.9556962025316456,0.25052565180824227
0.9179134368896484,0.5716989066442388,0.9556962025316456,0.2512615643397813
0.9180900454521179,0.572434819175778,0.9556962025316456,0.25199747687132046
0.9183908700942993,0.5726450798990749,0.9556962025316456,0.25220773759461734
0.918563961982727,0.5726450798990749,0.9578059071729957,0.25220773759461734
0.918607234954834,0.5735912531539108,0.9578059071729957,0.25315391084945327
0.9186848402023315,0.5741169049621531,0.9578059071729957,0.25367956265769553
0.9189085960388184,0.5748528174936922,0.9578059071729957,0.2544154751892347
0.9192240238189697,0.5754835996635829,0.9578059071729957,0.25504625735912534
0.9193719029426575,0.5754835996635829,0.959915611814346,0.25504625735912534
0.9193812608718872,0.5764297729184188,0.959915611814346,0.25599243061396126
0.9195642471313477,0.5766400336417157,0.959915611814346,0.25620269133725815
0.9199278354644775,0.5772708158116064,0.959915611814346,0.2568334735071489
0.9202179908752441,0.5775862068965517,0.959915611814346,0.2571488645920942
0.9204591512680054,0.5782169890664424,0.959915611814346,0.25777964676198484
0.9206296801567078,0.5785323801513877,0.959915611814346,0.2580950378469302
0.9208358526229858,0.5789529015979815,0.959915611814346,0.258515559293524
0.9212229251861572,0.5800042052144659,0.959915611814346,0.2595668629100084
0.921558678150177,0.5802144659377628,0.959915611814346,0.2597771236333053
0.9218271970748901,0.5810555088309504,0.959915611814346,0.26061816652649283
0.9221537709236145,0.5806349873843566,0.959915611814346,0.26019764507989906
0.922554612159729,0.5806349873843566,0.959915611814346,0.26019764507989906
0.9230824708938599,0.5814760302775441,0.959915611814346,0.2610386879730866
0.9235473871231079,0.5820016820857864,0.959915611814346,0.26156433978132887
0.9237121343612671,0.5830529857022708,0.959915611814346,0.2626156433978133
0.9237467050552368,0.5846299411269975,0.959915611814346,0.26419259882254
0.9239685535430908,0.5846299411269975,0.9620253164556962,0.26419259882254
0.9241621494293213,0.5853658536585366,0.9620253164556962,0.264928511354079
0.9243192672729492,0.5862068965517241,0.9620253164556962,0.26576955424726656
0.9245423078536987,0.5859966358284272,0.9620253164556962,0.2655592935239697
0.9248261451721191,0.5858915054667788,0.9620253164556962,0.2654541631623213
0.9251427054405212,0.5862068965517241,0.9620253164556962,0.26576955424726656
0.9258992671966553,0.5869428090832632,0.9620253164556962,0.2665054667788057
0.9265845417976379,0.587363330529857,0.9620253164556962,0.2669259882253995
0.9266872406005859,0.5871530698065601,0.9620253164556962,0.2667157275021026
0.9269078969955444,0.5877838519764508,0.9620253164556962,0.26734650967199325
0.9271236062049866,0.5884146341463414,0.9620253164556962,0.2679772918418839
0.9273545742034912,0.5888351555929352,0.9620253164556962,0.26839781328847767
0.9276362657546997,0.589255677039529,0.9620253164556962,0.26881833473507144
0.9280481338500977,0.589255677039529,0.9620253164556962,0.26881833473507144
0.9283572435379028,0.5898864592094197,0.9620253164556962,0.2694491169049622
0.9284490942955017,0.589255677039529,0.9620253164556962,0.26881833473507144
0.928802490234375,0.5898864592094197,0.9620253164556962,0.2694491169049622
0.9291462898254395,0.5898864592094197,0.9620253164556962,0.2694491169049622
0.9292760491371155,0.5905172413793104,0.9620253164556962,0.27007989907485286
0.9293879270553589,0.5909377628259042,0.9620253164556962,0.2705004205214466
0.9294660091400146,0.5918839360807401,0.9620253164556962,0.27144659377628255
0.9296178221702576,0.5925147182506307,0.9620253164556962,0.2720773759461732
0.9297724962234497,0.5932506307821699,0.9620253164556962,0.27281328847771236
0.9298074245452881,0.5935660218671153,0.9620253164556962,0.27312867956265774
0.9299120903015137,0.5937762825904122,0.9620253164556962,0.2733389402859546
0.9301106929779053,0.5946173254835997,0.9620253164556962,0.27417998317914216
0.9304888248443604,0.5947224558452481,0.9620253164556962,0.27428511354079055
0.9308344125747681,0.5953532380151387,0.9620253164556962,0.2749158957106812
0.9309052228927612,0.5953532380151387,0.9641350210970464,0.2749158957106812
0.9310458898544312,0.5957737594617325,0.9641350210970464,0.27533641715727497
0.9312995076179504,0.5964045416316233,0.9641350210970464,0.27596719932716574
0.931530237197876,0.5970353238015139,0.9641350210970464,0.2765979814970564
0.9316401481628418,0.5976661059714046,0.9641350210970464,0.27722876366694704
0.9318297505378723,0.5982968881412952,0.9641350210970464,0.2778595458368377
0.93209308385849,0.5986122792262405,0.9641350210970464,0.27817493692178297
0.9323081970214844,0.5990328006728343,0.9641350210970464,0.27859545836837674
0.9324768781661987,0.5998738435660219,0.9641350210970464,0.2794365012615644
0.9325120449066162,0.6003994953742641,0.9641350210970464,0.27996215306980654
0.9327472448348999,0.6008200168208578,0.9641350210970464,0.2803826745164003
0.9329887628555298,0.6012405382674516,0.9641350210970464,0.2808031959629941
0.9333248138427734,0.6009251471825063,0.9641350210970464,0.2804878048780488
0.9337743520736694,0.601555929352397,0.9641350210970464,0.28111858704793946
0.934172511100769,0.6026072329688814,0.9641350210970464,0.2821698906644239
0.9345031380653381,0.6032380151387721,0.9641350210970464,0.28280067283431454
0.9346176981925964,0.6037636669470143,0.9641350210970464,0.2833263246425568
0.9346991181373596,0.6046047098402019,0.9641350210970464,0.28416736753574434
0.9351738095283508,0.6052354920100925,0.9641350210970464,0.284798149705635
0.9357768297195435,0.6055508830950378,0.9641350210970464,0.28511354079058027
0.9360665678977966,0.6059714045416317,0.9641350210970464,0.28553406223717415
0.9362561702728271,0.6063919259882254,0.9641350210970464,0.2859545836837679
0.9363285303115845,0.6059714045416317,0.9641350210970464,0.28553406223717415
0.9364060163497925,0.6063919259882254,0.9641350210970464,0.2859545836837679
0.9365634918212891,0.6068124474348192,0.9641350210970464,0.2863751051303617
0.9366744756698608,0.6075483599663583,0.9641350210970464,0.2871110176619007
0.9369262456893921,0.6082842724978974,0.9641350210970464,0.2878469301934399
0.9374106526374817,0.6087047939444912,0.9641350210970464,0.28826745164003365
0.93769371509552,0.6091253153910849,0.9641350210970464,0.2886879730866274
0.9377744793891907,0.6107022708158116,0.9641350210970464,0.2902649285113541
0.9378830194473267,0.6107022708158116,0.9641350210970464,0.2902649285113541
0.9379779100418091,0.6104920100925147,0.9641350210970464,0.2900546677880572
0.9380759000778198,0.6103868797308662,0.9641350210970464,0.2899495374264087
0.938210129737854,0.6113330529857023,0.9641350210970464,0.29089571068124476
0.9383864998817444,0.611753574432296,0.9641350210970464,0.2913162321278385
0.938515305519104,0.6121740958788898,0.9641350210970464,0.2917367535744323
0.9387705326080322,0.6130151387720774,0.9641350210970464,0.29257779646761983
0.9390075206756592,0.6137510513036165,0.9641350210970464,0.293313708999159
0.939052402973175,0.6135407905803196,0.9641350210970464,0.2931034482758621
0.939180850982666,0.6138561816652649,0.9641350210970464,0.29341883936080737
0.9393301010131836,0.6134356602186711,0.9641350210970464,0.2929983179142136
0.9394174814224243,0.6138561816652649,0.9641350210970464,0.29341883936080737
0.9395133256912231,0.6146972245584524,0.9641350210970464,0.2942598822539949
0.9396088123321533,0.6143818334735072,0.9641350210970464,0.29394449116904964
0.9396512508392334,0.6154331370899916,0.9641350210970464,0.29499579478553406
0.9397362470626831,0.6163793103448276,0.9641350210970464,0.2959419680403701
0.9399732351303101,0.6163793103448276,0.9641350210970464,0.2959419680403701
0.9401932954788208,0.6169049621530698,0.9641350210970464,0.29646761984861225
0.9403238892555237,0.6169049621530698,0.9662447257383966,0.29646761984861225
0.940485417842865,0.6169049621530698,0.9662447257383966,0.29646761984861225
0.9406425952911377,0.6169049621530698,0.9662447257383966,0.29646761984861225
0.9410130977630615,0.617430613961312,0.9662447257383966,0.2969932716568545
0.9413194060325623,0.6179562657695542,0.9662447257383966,0.2975189234650967
0.9413799047470093,0.6190075693860387,0.9662447257383966,0.2985702270815812
0.9416491985321045,0.6197434819175778,0.9662447257383966,0.29930613961312025
0.9420953989028931,0.6197434819175778,0.9662447257383966,0.29930613961312025
0.9423911571502686,0.6199537426408747,0.9662447257383966,0.29951640033641713
0.9425580501556396,0.6204793944491169,0.9662447257383966,0.3000420521446594
0.9429038166999817,0.6204793944491169,0.9683544303797469,0.3000420521446594
0.9432916641235352,0.6210050462573591,0.9683544303797469,0.30056770395290155
0.9435771703720093,0.6210050462573591,0.9704641350210971,0.30056770395290155
0.9437596797943115,0.6216358284272497,0.9704641350210971,0.3011984861227922
0.9438018798828125,0.6224768713204374,0.9704641350210971,0.30203952901597986
0.9438325762748718,0.623107653490328,0.9704641350210971,0.3026703111858705
0.944297194480896,0.6237384356602187,0.9704641350210971,0.30330109335576116
0.9447985291481018,0.6243692178301093,0.9704641350210971,0.3039318755256518
0.9448679685592651,0.6239486963835156,0.9704641350210971,0.30351135407905805
0.9450755715370178,0.6246846089150546,0.9704641350210971,0.3042472666105971
0.945304274559021,0.6253153910849454,0.9704641350210971,0.30487804878048785
0.9454479813575745,0.6257359125315392,0.9704641350210971,0.3052985702270816
0.9456264972686768,0.6265769554247267,0.9704641350210971,0.30613961312026916
0.9457957744598389,0.6273128679562657,0.9704641350210971,0.3068755256518082
0.9459121227264404,0.6277333894028595,0.9704641350210971,0.30729604709840197
0.9459929466247559,0.627838519764508,0.9704641350210971,0.30740117746005047
0.9460757970809937,0.6286795626576955,0.9704641350210971,0.308242220353238
0.9461991190910339,0.6296257359125316,0.9704641350210971,0.30918839360807404
0.9463725686073303,0.6300462573591253,0.9704641350210971,0.3096089150546678
0.9464516043663025,0.6305719091673675,0.9704641350210971,0.31013456686290997
0.9466003775596619,0.6314129520605551,0.9704641350210971,0.3109756097560976
0.9467425346374512,0.6323591253153911,0.9704641350210971,0.31192178301093354
0.9468487501144409,0.6334104289318755,0.9704641350210971,0.31297308662741796
0.9470016360282898,0.6339360807401178,0.9704641350210971,0.31349873843566023
0.9470853209495544,0.6346719932716569,0.9704641350210971,0.3142346509671994
0.9471397399902344,0.635407905803196,0.9704641350210971,0.3149705634987384
0.9472317099571228,0.6362489486963835,0.9704641350210971,0.31581160639192596
0.9473038911819458,0.6361438183347351,0.9704641350210971,0.31570647603027757
0.9475940465927124,0.636354079058032,0.9704641350210971,0.31591673675357446
0.9479816555976868,0.6366694701429773,0.9704641350210971,0.3162321278385197
0.9481534957885742,0.6366694701429773,0.9725738396624473,0.3162321278385197
0.9483224153518677,0.6373002523128679,0.9725738396624473,0.3168629100084104
0.9484529495239258,0.6377207737594617,0.9725738396624473,0.31728343145500415
0.9485184550285339,0.638246425567704,0.9725738396624473,0.3178090832632464
0.9488098621368408,0.6386669470142977,0.9725738396624473,0.3182296047098402
0.9490758180618286,0.6386669470142977,0.9725738396624473,0.3182296047098402
0.949105978012085,0.6395079899074853,0.9725738396624473,0.3190706476030277
0.9493018388748169,0.639928511354079,0.9725738396624473,0.3194911690496215
0.9495352506637573,0.6411900756938604,0.9725738396624473,0.3207527333894029
0.9497068524360657,0.6408746846089151,0.9725738396624473,0.32043734230445753
0.9499163627624512,0.6414003364171573,0.9725738396624473,0.3209629941126998
0.9500633478164673,0.6423465096719932,0.9725738396624473,0.3219091673675357
0.9501814246177673,0.6429772918418839,0.9725738396624473,0.3225399495374264
0.9503005743026733,0.6436080740117746,0.9725738396624473,0.323170731707317
0.9503672122955322,0.6445542472666106,0.9725738396624473,0.32411690496215306
0.9504504203796387,0.6453952901597981,0.9725738396624473,0.3249579478553406
0.9505577087402344,0.6459209419680404,0.9725738396624473,0.32548359966358287
0.9506386518478394,0.6464465937762826,0.9725738396624473,0.326009251471825
0.9506838321685791,0.6471825063078217,0.9725738396624473,0.3267451640033642
0.950721025466919,0.6470773759461732,0.9725738396624473,0.3266400336417157
0.9508516788482666,0.6480235492010092,0.9725738396624473,0.3275862068965517
0.9509570002555847,0.6489697224558453,0.9725738396624473,0.32853238015138775
0.9509994387626648,0.6494953742640874,0.9725738396624473,0.3290580319596299
0.9510412216186523,0.6506518082422204,0.9725738396624473,0.3302144659377628
0.951073944568634,0.651282590412111,0.9725738396624473,0.3308452481076535
0.9512032270431519,0.6518082422203533,0.9725738396624473,0.33137089991589574
0.9514219760894775,0.6523338940285954,0.9725738396624473,0.3318965517241379
0.9516013860702515,0.654121110176619,0.9725738396624473,0.3336837678721615
0.9516879916191101,0.6542262405382675,0.9725738396624473,0.33378889823380997
0.9518336057662964,0.6546467619848613,0.9725738396624473,0.33420941968040374
0.9520959258079529,0.6551724137931034,0.9725738396624473,0.3347350714886459
0.9523985981941223,0.6551724137931034,0.9725738396624473,0.3347350714886459
0.9526897072792053,0.656013456686291,0.9725738396624473,0.33557611438183343
0.9528830051422119,0.6568544995794785,0.9725738396624473,0.336417157275021
0.9530304670333862,0.6578006728343145,0.9725738396624473,0.337363330529857
0.9531749486923218,0.6587468460891506,0.9725738396624473,0.33830950378469304
0.9533369541168213,0.6585365853658537,0.9725738396624473,0.33809924306139616
0.953443169593811,0.6587468460891506,0.9725738396624473,0.33830950378469304
0.9540221691131592,0.6591673675357443,0.9725738396624473,0.3387300252312868
0.9546635746955872,0.6600084104289319,0.9725738396624473,0.33957106812447435
0.9547604322433472,0.6604289318755256,0.9725738396624473,0.3399915895710681
0.9548070430755615,0.6613751051303617,0.9725738396624473,0.34093776282590416
0.9548292756080627,0.6619007569386038,0.9725738396624473,0.3414634146341463
0.9548534154891968,0.6619007569386038,0.9725738396624473,0.3414634146341463
0.9549145102500916,0.6622161480235492,0.9725738396624473,0.3417788057190917
0.9550820589065552,0.6625315391084945,0.9725738396624473,0.34209419680403697
0.9552454948425293,0.6621110176619007,0.9725738396624473,0.3416736753574432
0.9552892446517944,0.6621110176619007,0.9746835443037974,0.3416736753574432
0.9553934931755066,0.6628469301934399,0.9746835443037974,0.34240958788898235
0.9556532502174377,0.6634777123633305,0.9746835443037974,0.343040370058873
0.9559032917022705,0.6642136248948697,0.9746835443037974,0.34377628259041215
0.9560582041740417,0.6644238856181666,0.9746835443037974,0.34398654331370904
0.9561295509338379,0.6649495374264087,0.9746835443037974,0.3445121951219512
0.956234872341156,0.6652649285113541,0.9746835443037974,0.3448275862068966
0.9563543200492859,0.6652649285113541,0.9746835443037974,0.3448275862068966
0.9565469026565552,0.6655803195962994,0.9746835443037974,0.34514297729184185
0.9568403959274292,0.6657905803195963,0.9746835443037974,0.34535323801513873
0.9569830894470215,0.66621110176619,0.9746835443037974,0.3457737594617325
0.9572131633758545,0.6666316232127838,0.9746835443037974,0.34619428090832627
0.9575148224830627,0.6677880571909167,0.9746835443037974,0.3473507148864592
0.9576234817504883,0.6682085786375105,0.9746835443037974,0.34777123633305296
0.9577127695083618,0.6687342304457528,0.9746835443037974,0.3482968881412952
0.9578233361244202,0.6687342304457528,0.9746835443037974,0.3482968881412952
0.9580373167991638,0.6693650126156434,0.9746835443037974,0.3489276703111859
0.9582792520523071,0.6695752733389403,0.9746835443037974,0.34913793103448276
0.9583749771118164,0.6695752733389403,0.9767932489451476,0.34913793103448276
0.958429753780365,0.6699957947855341,0.9767932489451476,0.34955845248107653
0.9585232138633728,0.6708368376787216,0.9767932489451476,0.35039949537426407
0.9587641954421997,0.6716778805719091,0.9767932489451476,0.3512405382674516
0.9590435028076172,0.671888141295206,0.9767932489451476,0.3514507989907485
0.9592796564102173,0.6724137931034483,0.9767932489451476,0.35197645079899076
0.9594314098358154,0.6740958788898234,0.9767932489451476,0.35365853658536583
0.9594942331314087,0.6745164003364171,0.9767932489451476,0.3540790580319596
0.9595879316329956,0.6750420521446594,0.9767932489451476,0.35460470984020187
0.9597363471984863,0.67567283431455,0.9767932489451476,0.3552354920100925
0.9600052833557129,0.677565180824222,0.9767932489451476,0.3571278385197645
0.9601939916610718,0.6783010933557612,0.9767932489451476,0.35786375105130364
0.9602296352386475,0.6791421362489487,0.9767932489451476,0.3587047939444912
0.9604660272598267,0.6798780487804879,0.9767932489451476,0.3594407064760303
0.9607241153717041,0.6806139613120269,0.9767932489451476,0.36017661900756937
0.9609403014183044,0.681349873843566,0.9767932489451476,0.3609125315391085
0.9611289501190186,0.682296047098402,0.9767932489451476,0.36185870479394444
0.9611793756484985,0.6825063078216989,0.9767932489451476,0.3620689655172413
0.9613692164421082,0.6827165685449958,0.9767932489451476,0.3622792262405383
0.9615802764892578,0.6835576114381834,0.9767932489451476,0.36312026913372586
0.9617537260055542,0.6839781328847772,0.9767932489451476,0.36354079058031963
0.9619208574295044,0.6845037846930193,0.9767932489451476,0.3640664423885618
0.9620475769042969,0.6850294365012616,0.9767932489451476,0.36459209419680405
0.9621490240097046,0.6857653490328006,0.9767932489451476,0.3653280067283431
0.9622502326965332,0.6871320437342304,0.9767932489451476,0.3666947014297729
0.9623327255249023,0.6877628259041211,0.9767932489451476,0.36732548359966355
0.9623504877090454,0.6881833473507148,0.9767932489451476,0.3677460050462573
0.9623901844024658,0.688919259882254,0.9767932489451476,0.36848191757779647
0.9624233245849609,0.6895500420521447,0.9767932489451476,0.3691126997476871
0.9625323414802551,0.6897603027754415,0.9767932489451476,0.369322960470984
0.9626883864402771,0.6907064760302776,0.9767932489451476,0.37026913372582004
0.9627478122711182,0.6907064760302776,0.9789029535864979,0.37026913372582004
0.9627867341041565,0.6912321278385197,0.9789029535864979,0.3707947855340622
0.9630030393600464,0.6919680403700589,0.9789029535864979,0.37153069806560135
0.9632664918899536,0.6928090832632464,0.9789029535864979,0.3723717409587889
0.9633692502975464,0.6938603868797308,0.9789029535864979,0.3734230445752733
0.9634568095207214,0.6942809083263246,0.9789029535864979,0.3738435660218671
0.9636268019676208,0.6949116904962153,0.9789029535864979,0.37447434819175773
0.9637511968612671,0.6959629941126998,0.9789029535864979,0.37552565180824227
0.9639637470245361,0.6970142977291842,0.9789029535864979,0.3765769554247267
0.9641817808151245,0.6975399495374264,0.9789029535864979,0.37710260723296884
0.9642380475997925,0.6976450798990749,0.9789029535864979,0.37720773759461734
0.964307427406311,0.6989066442388562,0.9789029535864979,0.37846930193439865
0.9643611907958984,0.6982758620689655,0.9789029535864979,0.377838519764508
0.9644593596458435,0.6978553406223718,0.9789029535864979,0.3774179983179142
0.9646887183189392,0.6986963835155593,0.9789029535864979,0.37825904121110177
0.9649076461791992,0.6995374264087468,0.9789029535864979,0.3791000841042893
0.9649957418441772,0.7000630782169891,0.9789029535864979,0.37962573591253157
0.9650467038154602,0.7006938603868798,0.9789029535864979,0.3802565180824222
0.9650899171829224,0.7012195121951219,0.9789029535864979,0.3807821698906644
0.9651057720184326,0.7015349032800673,0.9789029535864979,0.38109756097560976
0.9651638269424438,0.7021656854499579,0.9789029535864979,0.3817283431455004
0.9652178287506104,0.703111858704794,0.9789029535864979,0.38267451640033645
0.9652477502822876,0.7034272497897393,0.9789029535864979,0.3829899074852817
0.965330958366394,0.7040580319596299,0.9789029535864979,0.3836206896551724
0.9653918743133545,0.7044785534062237,0.9789029535864979,0.38404121110176614
0.9654749631881714,0.7046888141295206,0.9789029535864979,0.38425147182506303
0.9656058549880981,0.7050042052144659,0.9789029535864979,0.3845668629100084
0.9656575918197632,0.7054247266610597,0.9789029535864979,0.3849873843566022
0.9658161401748657,0.7053195962994113,0.9789029535864979,0.3848822539949538
0.9661464095115662,0.7062657695542472,0.9789029535864979,0.3858284272497897
0.9663209915161133,0.7062657695542472,0.9810126582278481,0.3858284272497897
0.9663510322570801,0.7072119428090833,0.9810126582278481,0.38677460050462575
0.9666245579719543,0.7072119428090833,0.9831223628691983,0.38677460050462575
0.966924250125885,0.7077375946173254,0.9831223628691983,0.3873002523128679
0.9670406579971313,0.7088940285954584,0.9831223628691983,0.38845668629100083
0.967124342918396,0.7096299411269975,0.9831223628691983,0.38919259882254
0.9672810435295105,0.7100504625735913,0.9831223628691983,0.38961312026913375
0.967427670955658,0.711417157275021,0.9831223628691983,0.39097981497056344
0.9675567746162415,0.711417157275021,0.9831223628691983,0.39097981497056344
0.9677538871765137,0.7121530698065601,0.9831223628691983,0.3917157275021026
0.9679232239723206,0.7125735912531539,0.9831223628691983,0.39213624894869636
0.9680466651916504,0.7125735912531539,0.9831223628691983,0.39213624894869636
0.9681156873703003,0.7132043734230445,0.9831223628691983,0.392767031118587
0.9682210087776184,0.7136248948696383,0.9831223628691983,0.3931875525651808
0.9683276414871216,0.7141505466778806,0.9831223628691983,0.39371320437342305
0.9684463143348694,0.7145710681244744,0.9831223628691983,0.3941337258200168
0.9685565829277039,0.7168839360807401,0.9831223628691983,0.39644659377628255
0.968657374382019,0.7175147182506307,0.9831223628691983,0.3970773759461732
0.9688172936439514,0.7178301093355761,0.9831223628691983,0.3973927670311186
0.9689364433288574,0.7176198486122792,0.9831223628691983,0.3971825063078217
0.9689817428588867,0.7185660218671153,0.9831223628691983,0.39812867956265774
0.96900475025177,0.7182506307821699,0.9831223628691983,0.39781328847771236
0.9690951108932495,0.7188814129520605,0.9831223628691983,0.398444070647603
0.9692177772521973,0.7195121951219512,0.9831223628691983,0.39907485281749366
0.9692663550376892,0.7204583683767872,0.9831223628691983,0.4000210260723297
0.9693434238433838,0.7210891505466779,0.9831223628691983,0.40065180824222035
0.9694824814796448,0.721825063078217,0.9831223628691983,0.4013877207737595
0.9696139097213745,0.7226661059714046,0.9831223628691983,0.40222876366694704
0.9696921110153198,0.7235071488645921,0.9831223628691983,0.4030698065601346
0.9698367118835449,0.7244533221194281,0.9831223628691983,0.4040159798149706
0.9699946641921997,0.7255046257359126,0.9831223628691983,0.40506728343145504
0.9700559973716736,0.726555929352397,0.9831223628691983,0.40611858704793946
0.9701920747756958,0.727291841883936,0.9831223628691983,0.4068544995794785
0.9703120589256287,0.7279226240538268,0.9831223628691983,0.40748528174936927
0.9703333377838135,0.7283431455004206,0.9831223628691983,0.40790580319596303
0.9703915119171143,0.7283431455004206,0.9831223628691983,0.40790580319596303
0.9704533815383911,0.7283431455004206,0.9831223628691983,0.40790580319596303
0.9704625606536865,0.7291841883936081,0.9831223628691983,0.4087468460891506
0.9704868793487549,0.729394449116905,0.9831223628691983,0.40895710681244746
0.9705625772476196,0.729394449116905,0.9831223628691983,0.40895710681244746
0.970697283744812,0.7296047098402019,0.9831223628691983,0.40916736753574434
0.9708384871482849,0.7296047098402019,0.9831223628691983,0.40916736753574434
0.9709149599075317,0.7302354920100925,0.9831223628691983,0.409798149705635
0.9709378480911255,0.7314970563498738,0.9831223628691983,0.4110597140454163
0.9709454774856567,0.7310765349032801,0.9831223628691983,0.41063919259882253
0.9710112810134888,0.7310765349032801,0.9831223628691983,0.41063919259882253
0.9710980653762817,0.7311816652649286,0.9831223628691983,0.41074432296047103
0.9711431264877319,0.7318124474348192,0.9831223628691983,0.4113751051303617
0.9712046980857849,0.732232968881413,0.9831223628691983,0.41179562657695545
0.9712522029876709,0.7326534903280068,0.9831223628691983,0.4122161480235492
0.9713890552520752,0.7328637510513036,0.9831223628691983,0.4124264087468461
0.971543550491333,0.7328637510513036,0.9831223628691983,0.4124264087468461
0.9715993404388428,0.7334945332211943,0.9831223628691983,0.41305719091673676
0.9716454744338989,0.7332842724978974,0.9831223628691983,0.4128469301934399
0.9716765880584717,0.7332842724978974,0.9831223628691983,0.4128469301934399
0.9716945886611938,0.7337047939444912,0.9831223628691983,0.41326745164003365
0.9717825651168823,0.7335996635828427,0.9831223628691983,0.41316232127838515
0.971890926361084,0.7338099243061396,0.9831223628691983,0.41337258200168203
0.9719411134719849,0.7342304457527334,0.9831223628691983,0.4137931034482759
0.9719705581665039,0.7342304457527334,0.9831223628691983,0.4137931034482759
0.9719817638397217,0.7346509671993272,0.9831223628691983,0.4142136248948697
0.9720346927642822,0.7354920100925147,0.9831223628691983,0.4150546677880572
0.9722887873649597,0.7361227922624054,0.9831223628691983,0.4156854499579479
0.972553014755249,0.7359125315391085,0.9831223628691983,0.415475189234651
0.9726707935333252,0.7364381833473507,0.9831223628691983,0.41600084104289314
0.9727398157119751,0.7369638351555929,0.9831223628691983,0.4165264928511354
0.9728001356124878,0.7369638351555929,0.9852320675105485,0.4165264928511354
0.9729214310646057,0.7376997476871321,0.9852320675105485,0.41726240538267456
0.9730472564697266,0.7400126156433978,0.9852320675105485,0.4195752733389403
0.973192572593689,0.7404331370899916,0.9852320675105485,0.41999579478553406
0.9733657240867615,0.7412741799831791,0.9852320675105485,0.4208368376787216
0.973486065864563,0.7419049621530698,0.9852320675105485,0.42146761984861225
0.9735540151596069,0.7432716568544996,0.9852320675105485,0.42283431455004206
0.973594069480896,0.7432716568544996,0.9852320675105485,0.42283431455004206
0.9736294746398926,0.7454793944491169,0.9852320675105485,0.4250420521446594
0.9737310409545898,0.7456896551724138,0.9852320675105485,0.4252523128679563
0.9738118648529053,0.7466358284272497,0.9852320675105485,0.4261984861227922
0.9738274812698364,0.7466358284272497,0.9852320675105485,0.4261984861227922
0.9739036560058594,0.7466358284272497,0.9852320675105485,0.4261984861227922
0.9740530252456665,0.7475820016820858,0.9852320675105485,0.42714465937762824
0.9741336107254028,0.7491589571068125,0.9852320675105485,0.42872161480235493
0.974176824092865,0.7498948696383515,0.9852320675105485,0.429457527333894
0.9742308855056763,0.7517872161480236,0.9852320675105485,0.43134987384356605
0.9742496609687805,0.7527333894028595,0.9852320675105485,0.43229604709840197
0.9742685556411743,0.7542052144659378,0.9852320675105485,0.4337678721614803
0.9743521809577942,0.7548359966358285,0.9852320675105485,0.4343986543313709
0.9744373559951782,0.7558873002523129,0.9852320675105485,0.43544995794785535
0.9744513034820557,0.7557821698906644,0.9852320675105485,0.43534482758620685
0.9744560718536377,0.7563078216989066,0.9852320675105485,0.4358704793944491
0.9744722843170166,0.756623212783852,0.9852320675105485,0.4361858704793945
0.9744861125946045,0.7571488645920942,0.9852320675105485,0.43671152228763666
0.9745029211044312,0.7573591253153911,0.9852320675105485,0.43692178301093354
0.9746745228767395,0.7579899074852817,0.9852320675105485,0.4375525651808242
0.9748542904853821,0.7586206896551724,0.9852320675105485,0.43818334735071485
0.974886417388916,0.7586206896551724,0.9852320675105485,0.43818334735071485
0.974989652633667,0.7586206896551724,0.9873417721518988,0.43818334735071485
0.9750843048095703,0.7595668629100084,0.9873417721518988,0.4391295206055509
0.9750863313674927,0.7603027754415476,0.9873417721518988,0.43986543313709003
0.9751636981964111,0.7608284272497897,0.9873417721518988,0.4403910849453322
0.9753256440162659,0.7614592094196804,0.9873417721518988,0.44102186711522284
0.975416898727417,0.7608284272497897,0.9873417721518988,0.4403910849453322
0.9754973649978638,0.7616694701429773,0.9873417721518988,0.4412321278385197
0.9755786657333374,0.7617746005046258,0.9873417721518988,0.4413372582001682
0.9756141901016235,0.7615643397813289,0.9873417721518988,0.44112699747687134
0.9756511449813843,0.7621951219512195,0.9873417721518988,0.441757779646762
0.9756908416748047,0.7631412952060556,0.9873417721518988,0.44270395290159803
0.9757345914840698,0.7640874684608915,0.9873417721518988,0.44365012615643395
0.9757853746414185,0.7638772077375946,0.9873417721518988,0.44343986543313707
0.9759089350700378,0.7647182506307821,0.9873417721518988,0.4442809083263246
0.9759946465492249,0.7640874684608915,0.9873417721518988,0.44365012615643395
0.976015031337738,0.7645079899074853,0.9873417721518988,0.4440706476030277
0.9760717153549194,0.7651387720773759,0.9873417721518988,0.4447014297729184
0.976137638092041,0.7658746846089151,0.9873417721518988,0.44543734230445753
0.976169228553772,0.7657695542472666,0.9873417721518988,0.44533221194280903
0.9761871099472046,0.767031118587048,0.9873417721518988,0.44659377628259045
0.9762356281280518,0.7676619007569386,0.9873417721518988,0.4472245584524811
0.9763405323028564,0.7675567703952901,0.9873417721518988,0.4471194280908326
0.9764600992202759,0.7685029436501262,0.9873417721518988,0.44806560134566864
0.9766334295272827,0.7691337258200168,0.9873417721518988,0.4486963835155593
0.9767812490463257,0.7696593776282591,0.9873417721518988,0.44922203532380156
0.9768296480178833,0.770605550883095,0.9873417721518988,0.4501682085786375
0.9768617153167725,0.7719722455845248,0.9873417721518988,0.4515349032800673
0.9769231677055359,0.7729184188393609,0.9873417721518988,0.4524810765349033
0.9770001173019409,0.7728132884777124,0.9873417721518988,0.45237594617325483
0.9770374298095703,0.7728132884777124,0.9873417721518988,0.45237594617325483
0.9770705103874207,0.7728132884777124,0.989451476793249,0.45237594617325483
0.9772657752037048,0.7737594617325484,0.989451476793249,0.45332211942809086
0.9774511456489563,0.774390243902439,0.989451476793249,0.4539529015979815
0.9774850606918335,0.775336417157275,0.989451476793249,0.45489907485281744
0.9775242209434509,0.7759671993271657,0.989451476793249,0.4555298570227082
0.9775729775428772,0.7769133725820017,0.989451476793249,0.45647603027754413
0.9776287078857422,0.7774390243902439,0.989451476793249,0.4570016820857864
0.9776712656021118,0.7780698065601346,0.989451476793249,0.45763246425567705
0.9776982069015503,0.7789108494533221,0.989451476793249,0.4584735071488646
0.9777886867523193,0.7795416316232128,0.989451476793249,0.45910428931875524
0.9779080152511597,0.7801724137931034,0.989451476793249,0.4597350714886459
0.9779484272003174,0.7806980656013457,0.989451476793249,0.46026072329688816
0.9779617786407471,0.7812237174095878,0.989451476793249,0.4607863751051303
0.9779719114303589,0.7817493692178301,0.989451476793249,0.4613120269133726
0.977985143661499,0.7821698906644239,0.989451476793249,0.46173254835996635
0.9780252575874329,0.7831160639192599,0.989451476793249,0.4626787216148024
0.9780744314193726,0.784798149705635,0.989451476793249,0.46436080740117747
0.9781171083450317,0.7859545836837679,0.989451476793249,0.4655172413793104
0.9781674146652222,0.7862699747687132,0.989451476793249,0.46583263246425566
0.9783334732055664,0.7867956265769555,0.989451476793249,0.4663582842724979
0.9784783124923706,0.7875315391084945,0.989451476793249,0.46709419680403697
0.9784985780715942,0.7882674516400336,0.989451476793249,0.4678301093355761
0.9785193204879761,0.7888982338099243,0.989451476793249,0.46846089150546677
0.9785265326499939,0.7896341463414634,0.989451476793249,0.4691968040370059
0.9786041378974915,0.790475189234651,0.989451476793249,0.47003784693019346
0.9787095785140991,0.7908957106812448,0.989451476793249,0.47045836837678723
0.9788108468055725,0.7908957106812448,0.9915611814345991,0.47045836837678723
0.9789321422576904,0.7908957106812448,0.9915611814345991,0.47045836837678723
0.9789855480194092,0.7908957106812448,0.9915611814345991,0.47045836837678723
0.9790033102035522,0.7910008410428931,0.9915611814345991,0.4705634987384356
0.9790232181549072,0.7910008410428931,0.9936708860759493,0.4705634987384356
0.9790325164794922,0.7929983179142136,0.9936708860759493,0.4725609756097561
0.9790366888046265,0.7935239697224559,0.9936708860759493,0.47308662741799834
0.9790897369384766,0.7939444911690496,0.9936708860759493,0.4735071488645921
0.97917640209198,0.7947855340622372,0.9936708860759493,0.47434819175777965
0.9792479276657104,0.795206055508831,0.9936708860759493,0.4747687132043734
0.9793124794960022,0.7966778805719091,0.9936708860759493,0.4762405382674516
0.9793424010276794,0.7969932716568545,0.9936708860759493,0.476555929352397
0.9793785810470581,0.7974137931034483,0.9936708860759493,0.47697645079899076
0.9794159531593323,0.7984650967199327,0.9936708860759493,0.4780277544154752
0.9795047044754028,0.7988856181665265,0.9936708860759493,0.47844827586206895
0.9795963764190674,0.7985702270815812,0.9936708860759493,0.4781328847771237
0.9797104001045227,0.7994112699747687,0.9936708860759493,0.4789739276703112
0.9798587560653687,0.8000420521446594,0.9936708860759493,0.47960470984020187
0.9799342155456543,0.8004625735912532,0.9936708860759493,0.48002523128679564
0.9800142049789429,0.8013036164844407,0.9936708860759493,0.4808662741799832
0.9801573753356934,0.8023549201009251,0.9936708860759493,0.4819175777964676
0.9803202748298645,0.8033010933557612,0.9936708860759493,0.48286375105130364
0.9804184436798096,0.8036164844407064,0.9936708860759493,0.4831791421362489
0.980518102645874,0.8040370058873002,0.9936708860759493,0.4835996635828427
0.9806525707244873,0.8043523969722456,0.9936708860759493,0.48391505466778806
0.9807722568511963,0.8048780487804879,0.9936708860759493,0.4844407064760303
0.9808903336524963,0.8056139613120269,0.9936708860759493,0.48517661900756937
0.9809603691101074,0.8062447434819175,0.9936708860759493,0.48580740117746
0.9809916019439697,0.8069806560134567,0.9936708860759493,0.48654331370899917
0.9810682535171509,0.8069806560134567,0.9936708860759493,0.48654331370899917
0.9811495542526245,0.8076114381833474,0.9936708860759493,0.4871740958788898
0.9812057018280029,0.8076114381833474,0.9936708860759493,0.4871740958788898
0.9812450408935547,0.8085576114381834,0.9936708860759493,0.48812026913372586
0.9812705516815186,0.809188393608074,0.9936708860759493,0.4887510513036165
0.9813052415847778,0.8096089150546678,0.9936708860759493,0.4891715727502103
0.9813764095306396,0.8102396972245585,0.9936708860759493,0.48980235492010094
0.981468915939331,0.8108704793944491,0.9936708860759493,0.4904331370899916
0.9815219640731812,0.8116063919259883,0.9936708860759493,0.49116904962153074
0.9815396070480347,0.8123423044575273,0.9936708860759493,0.4919049621530698
0.981553852558136,0.8127628259041211,0.9936708860759493,0.49232548359966355
0.9816193580627441,0.8136038687973086,0.9936708860759493,0.4931665264928511
0.9816930890083313,0.8143397813288478,0.9936708860759493,0.49390243902439024
0.9817098379135132,0.8143397813288478,0.9936708860759493,0.49390243902439024
0.981736958026886,0.815811606391926,0.9936708860759493,0.49537426408746843
0.9817701578140259,0.816757779646762,0.9936708860759493,0.49632043734230447
0.9817850589752197,0.8173885618166526,0.9936708860759493,0.4969512195121951
0.9817910194396973,0.8179142136248949,0.9936708860759493,0.4974768713204374
0.9818209409713745,0.8184398654331371,0.9936708860759493,0.49800252312867954
0.9820572137832642,0.8190706476030277,0.9936708860759493,0.4986333052985702
0.9823033809661865,0.8198065601345669,0.9936708860759493,0.49936921783010935
0.9823488593101501,0.8198065601345669,0.9936708860759493,0.49936921783010935
0.9823659062385559,0.8204373423044575,0.9936708860759493,0.5
0.982403039932251,0.8225399495374264,0.9936708860759493,0.5021026072329688
0.9824308156967163,0.823170731707317,0.9936708860759493,0.5027333894028595
0.9826385974884033,0.8238015138772078,0.9936708860759493,0.5033641715727503
0.9828566312789917,0.8238015138772078,0.9936708860759493,0.5033641715727503
0.9828797578811646,0.8246425567703953,0.9936708860759493,0.5042052144659378
0.9828985929489136,0.8251682085786375,0.9936708860759493,0.50473086627418
0.9829263687133789,0.8256938603868798,0.9936708860759493,0.5052565180824222
0.982999324798584,0.8259041211101766,0.9936708860759493,0.5054667788057191
0.9830746650695801,0.8266400336417157,0.9936708860759493,0.5062026913372581
0.9831091165542603,0.8269554247266611,0.9936708860759493,0.5065180824222035
0.9832013249397278,0.8273759461732548,0.9936708860759493,0.5069386038687973
0.9833204746246338,0.8274810765349033,0.9936708860759493,0.5070437342304458
0.9833779335021973,0.828111858704794,0.9936708860759493,0.5076745164003365
0.983403205871582,0.8290580319596299,0.9936708860759493,0.5086206896551724
0.9834136366844177,0.8300042052144659,0.9936708860759493,0.5095668629100084
0.983466386795044,0.8306349873843566,0.9936708860759493,0.5101976450798991
0.9835307002067566,0.8313708999158957,0.9936708860759493,0.5109335576114382
0.9835557341575623,0.8320016820857864,0.9936708860759493,0.5115643397813289
0.9835689067840576,0.8320016820857864,0.9936708860759493,0.5115643397813289
0.983586311340332,0.8324222035323802,0.9936708860759493,0.5119848612279226
0.9836469292640686,0.8331581160639192,0.9936708860759493,0.5127207737594617
0.9837355613708496,0.8338940285954584,0.9936708860759493,0.5134566862910008
0.9837788939476013,0.8349453322119428,0.9936708860759493,0.5145079899074853
0.983803391456604,0.8353658536585366,0.9936708860759493,0.514928511354079
0.9838351011276245,0.8353658536585366,0.9936708860759493,0.514928511354079
0.9838462471961975,0.8356812447434819,0.9936708860759493,0.5152439024390244
0.9838869571685791,0.836627417998318,0.9936708860759493,0.5161900756938604
0.983927845954895,0.8371530698065601,0.9936708860759493,0.5167157275021026
0.9839949607849121,0.8379941126997477,0.9936708860759493,0.5175567703952901
0.984065592288971,0.8382043734230445,0.9936708860759493,0.517767031118587
0.9840823411941528,0.8387300252312868,0.9936708860759493,0.5182926829268293
0.9841279983520508,0.8394659377628259,0.9936708860759493,0.5190285954583683
0.9841638803482056,0.839255677039529,0.9936708860759493,0.5188183347350714
0.9841715097427368,0.8413582842724979,0.9936708860759493,0.5209209419680404
0.9841827154159546,0.8416736753574432,0.9936708860759493,0.5212363330529857
0.9842640161514282,0.841148023549201,0.9936708860759493,0.5207106812447435
0.9844071865081787,0.8416736753574432,0.9936708860759493,0.5212363330529857
0.9845542311668396,0.8425147182506307,0.9936708860759493,0.5220773759461732
0.9847643375396729,0.8428301093355761,0.9936708860759493,0.5223927670311186
0.9849193096160889,0.8428301093355761,0.9957805907172996,0.5223927670311186
0.9849510192871094,0.8426198486122792,0.9957805907172996,0.5221825063078217
0.9849730730056763,0.8421993271656855,0.9957805907172996,0.5217619848612279
0.9850608706474304,0.8427249789739276,0.9957805907172996,0.5222876366694701
0.9851338863372803,0.8436711522287637,0.9957805907172996,0.5232338099243061
0.9851844310760498,0.8446173254835997,0.9957805907172996,0.5241799831791422
0.9852403998374939,0.8451429772918418,0.9957805907172996,0.5247056349873843
0.9852656126022339,0.8451429772918418,0.9957805907172996,0.5247056349873843
0.9853373765945435,0.8455634987384356,0.9957805907172996,0.5251261564339781
0.9854009747505188,0.8453532380151387,0.9957805907172996,0.5249158957106812
0.9854183197021484,0.8457737594617325,0.9957805907172996,0.525336417157275
0.9854620099067688,0.8465096719932717,0.9957805907172996,0.5260723296888141
0.9855166673660278,0.8474558452481077,0.9957805907172996,0.5270185029436502
0.9855492115020752,0.8492430613961311,0.9957805907172996,0.5288057190916736
0.9855867624282837,0.850609756097561,0.9957805907172996,0.5301724137931034
0.9856100082397461,0.8510302775441547,0.9957805907172996,0.5305929352396972
0.9856345653533936,0.8519764507989908,0.9957805907172996,0.5315391084945332
0.9857111573219299,0.8523969722455845,0.9957805907172996,0.531959629941127
0.9857966899871826,0.8523969722455845,0.9957805907172996,0.531959629941127
0.9859047532081604,0.8532380151387721,0.9957805907172996,0.5328006728343145
0.9859946370124817,0.8537636669470143,0.9957805907172996,0.5333263246425568
0.9860405921936035,0.8548149705634988,0.9957805907172996,0.5343776282590412
0.9861191511154175,0.8553406223717409,0.9957805907172996,0.5349032800672834
0.986207127571106,0.8559714045416317,0.9957805907172996,0.5355340622371741
0.9862560629844666,0.8568124474348192,0.9957805907172996,0.5363751051303617
0.9862793684005737,0.8576534903280068,0.9957805907172996,0.5372161480235492
0.9863152503967285,0.8576534903280068,0.9957805907172996,0.5372161480235492
0.9863477349281311,0.8581791421362489,0.9957805907172996,0.5377417998317914
0.986368715763092,0.8587047939444912,0.9957805907172996,0.5382674516400336
0.9864526987075806,0.8591253153910849,0.9957805907172996,0.5386879730866274
0.986530065536499,0.8597560975609756,0.9957805907172996,0.5393187552565181
0.9865453243255615,0.8603868797308662,0.9957805907172996,0.5399495374264087
0.9865739345550537,0.8612279226240538,0.9957805907172996,0.5407905803195963
0.9866195917129517,0.8618587047939444,0.9957805907172996,0.5414213624894869
0.9866746664047241,0.8626997476871321,0.9957805907172996,0.5422624053826746
0.9867058396339417,0.8631202691337259,0.9957805907172996,0.5426829268292683
0.9867662191390991,0.8635407905803196,0.9957805907172996,0.5431034482758621
0.9868391752243042,0.8638561816652649,0.9957805907172996,0.5434188393608074
0.9868723154067993,0.8642767031118587,0.9957805907172996,0.5438393608074011
0.98701012134552,0.8638561816652649,0.9957805907172996,0.5434188393608074
0.9871442317962646,0.8642767031118587,0.9957805907172996,0.5438393608074011
0.9871721267700195,0.8648023549201009,0.9957805907172996,0.5443650126156434
0.9872169494628906,0.8648023549201009,0.9957805907172996,0.5443650126156434
0.9872639179229736,0.8658536585365854,0.9957805907172996,0.5454163162321278
0.9872841238975525,0.8656433978132885,0.9957805907172996,0.545206055508831
0.9873234033584595,0.8651177460050462,0.9957805907172996,0.5446804037005887
0.9873665571212769,0.8661690496215307,0.9957805907172996,0.5457317073170732
0.987372875213623,0.8667998317914214,0.9957805907172996,0.5463624894869639
0.987389326095581,0.8662741799831791,0.9957805907172996,0.5458368376787216
0.9874048829078674,0.8660639192598822,0.9957805907172996,0.5456265769554247
0.9874122738838196,0.8659587888982339,0.9957805907172996,0.5455214465937763
0.9874234199523926,0.8667998317914214,0.9957805907172996,0.5463624894869639
0.9874448180198669,0.8684819175777965,0.9957805907172996,0.5480445752733389
0.9874763488769531,0.869322960470984,0.9957805907172996,0.5488856181665265
0.987499475479126,0.8698486122792263,0.9957805907172996,0.5494112699747687
0.9875229597091675,0.8701640033641715,0.9957805907172996,0.549726661059714
0.9876032471656799,0.8699537426408747,0.9957805907172996,0.5495164003364171
0.9876723289489746,0.8704793944491169,0.9957805907172996,0.5500420521446594
0.9876852631568909,0.8706896551724138,0.9957805907172996,0.5502523128679563
0.9877421855926514,0.8706896551724138,0.9957805907172996,0.5502523128679563
0.9877974390983582,0.8713204373423045,0.9957805907172996,0.5508830950378469
0.9878422021865845,0.8713204373423045,0.9957805907172996,0.5508830950378469
0.9878840446472168,0.8734230445752733,0.9957805907172996,0.5529857022708158
0.9879170656204224,0.874053826745164,0.9957805907172996,0.5536164844407064
0.9879511594772339,0.8734230445752733,0.9957805907172996,0.5529857022708158
0.9879642724990845,0.8734230445752733,0.9978902953586498,0.5529857022708158
0.9879774451255798,0.8743692178301093,0.9978902953586498,0.5539318755256518
0.9880327582359314,0.8754205214465938,0.9978902953586498,0.5549831791421362
0.9880874752998352,0.8757359125315392,0.9978902953586498,0.5552985702270816
0.9881260395050049,0.8762615643397813,0.9978902953586498,0.5558242220353238
0.9882107973098755,0.8774179983179142,0.9978902953586498,0.5569806560134567
0.9882676005363464,0.8772077375946173,0.9978902953586498,0.5567703952901598
0.9882858991622925,0.877838519764508,0.9978902953586498,0.5574011774600505
0.9883079528808594,0.8782590412111018,0.9978902953586498,0.5578216989066442
0.9883219003677368,0.8785744322960471,0.9978902953586498,0.5581370899915896
0.9883453845977783,0.8791000841042893,0.9978902953586498,0.5586627417998318
0.9883692264556885,0.8802565180824222,0.9978902953586498,0.5598191757779647
0.9884933233261108,0.8802565180824222,0.9978902953586498,0.5598191757779647
0.9886228442192078,0.880677039529016,0.9978902953586498,0.5602396972245585
0.98868328332901,0.8813078216989066,0.9978902953586498,0.5608704793944491
0.9887344837188721,0.8819386038687973,0.9978902953586498,0.5615012615643398
0.9887899160385132,0.8823591253153911,0.9978902953586498,0.5619217830109335
0.988854169845581,0.8833052985702271,0.9978902953586498,0.5628679562657696
0.9888918995857239,0.882569386038688,0.9978902953586498,0.5621320437342304
0.9889531135559082,0.882569386038688,1.0,0.5621320437342304
0.988999605178833,0.8823591253153911,1.0,0.5619217830109335
0.9890670776367188,0.8818334735071489,1.0,0.5613961312026914
0.9891221523284912,0.8822539949537427,1.0,0.5618166526492852
0.9891529679298401,0.8828847771236333,1.0,0.5624474348191758
0.9891834259033203,0.883515559293524,1.0,0.5630782169890665
0.9892009496688843,0.8837258200168209,1.0,0.5632884777123633
0.9892767667770386,0.8837258200168209,1.0,0.5632884777123633
0.9893617630004883,0.8843566021867115,1.0,0.563919259882254
0.9894040822982788,0.884251471825063,1.0,0.5638141295206055
0.9894564151763916,0.8853027754415476,1.0,0.56486543313709
0.9895009994506836,0.8859335576114382,1.0,0.5654962153069807
0.9895340204238892,0.886354079058032,1.0,0.5659167367535745
0.9895612001419067,0.8869848612279226,1.0,0.5665475189234651
0.9895771741867065,0.8869848612279226,1.0,0.5665475189234651
0.9895938634872437,0.8867746005046258,1.0,0.5663372582001682
0.9895973205566406,0.8878259041211102,1.0,0.5673885618166526
0.9896055459976196,0.8883515559293524,1.0,0.5679142136248949
0.9896336793899536,0.8889823380992431,1.0,0.5685449957947856
0.9896574020385742,0.8889823380992431,1.0,0.5685449957947856
0.9896937012672424,0.8912952060555088,1.0,0.5708578637510513
0.9897533655166626,0.8946593776282591,1.0,0.5742220353238016
0.9897830486297607,0.8951850294365012,1.0,0.5747476871320437
0.9898055195808411,0.8957106812447435,1.0,0.575273338940286
0.9898339509963989,0.8973927670311186,1.0,0.5769554247266611
0.9898520708084106,0.8974978973927671,1.0,0.5770605550883096
0.9898760318756104,0.8989697224558453,1.0,0.5785323801513877
0.9899488687515259,0.8996005046257359,1.0,0.5791631623212784
0.9900184869766235,0.9005466778805719,1.0,0.5801093355761143
0.9900621771812439,0.901282590412111,1.0,0.5808452481076535
0.9901131391525269,0.9018082422203533,1.0,0.5813708999158957
0.9901490211486816,0.902228763666947,1.0,0.5817914213624895
0.9902350902557373,0.9029646761984861,1.0,0.5825273338940286
0.9903098940849304,0.9033851976450799,1.0,0.5829478553406223
0.9903159737586975,0.9037005887300252,1.0,0.5832632464255677
0.990325391292572,0.9055929352396972,1.0,0.5851555929352397
0.9903363585472107,0.9053826745164003,1.0,0.5849453322119428
0.9903875589370728,0.9062237174095878,1.0,0.5857863751051303
0.9904496669769287,0.9071698906644239,1.0,0.5867325483599664
0.990463137626648,0.9071698906644239,1.0,0.5867325483599664
0.9905344843864441,0.9081160639192599,1.0,0.5876787216148024
0.9906176328659058,0.9085365853658537,1.0,0.5880992430613962
0.9906334280967712,0.9091673675357443,1.0,0.5887300252312868
0.9906405210494995,0.909798149705635,1.0,0.5893608074011775
0.990644633769989,0.9106391925988225,1.0,0.590201850294365
0.9906715154647827,0.9106391925988225,1.0,0.590201850294365
0.990764856338501,0.9108494533221194,1.0,0.5904121110176619
0.9908543825149536,0.911690496215307,1.0,0.5912531539108494
0.990905225276947,0.9122161480235492,1.0,0.5917788057190917
0.9909573793411255,0.9131623212783851,1.0,0.5927249789739276
0.9910403490066528,0.9148444070647603,1.0,0.5944070647603028
0.9911038279533386,0.9182085786375105,1.0,0.597771236333053
0.9911348819732666,0.9178931875525652,1.0,0.5974558452481077
0.9911749362945557,0.918313708999159,1.0,0.5978763666947015
0.9912236332893372,0.9191547518923465,1.0,0.598717409587889
0.9912803173065186,0.9201009251471826,1.0,0.599663582842725
0.9913063049316406,0.921152228763667,1.0,0.6007148864592095
0.9913279414176941,0.9217830109335576,1.0,0.6013456686291001
0.991378664970398,0.9225189234650967,1.0,0.6020815811606391
0.9914181232452393,0.9223086627417998,1.0,0.6018713204373423
0.9914700984954834,0.9233599663582843,1.0,0.6029226240538268
0.9915204048156738,0.923990748528175,1.0,0.6035534062237174
0.9915549755096436,0.9248317914213625,1.0,0.604394449116905
0.9916008710861206,0.9244112699747687,1.0,0.6039739276703112
0.9916309118270874,0.9250420521446594,1.0,0.6046047098402019
0.9916646480560303,0.92567283431455,1.0,0.6052354920100925
0.9917041063308716,0.9263036164844407,1.0,0.6058662741799832
0.9917269945144653,0.9267241379310345,1.0,0.606286795626577
0.991738498210907,0.9278805719091674,1.0,0.6074432296047099
0.9917614459991455,0.9276703111858705,1.0,0.607232968881413
0.9917970895767212,0.9284062237174096,1.0,0.607968881412952
0.9918233752250671,0.9279857022708158,1.0,0.6075483599663583
0.9918377995491028,0.9277754415475189,1.0,0.6073380992430614
0.9918484687805176,0.9277754415475189,1.0,0.6073380992430614
0.9918895959854126,0.9277754415475189,1.0,0.6073380992430614
0.9919387102127075,0.9289318755256518,1.0,0.6084945332211943
0.9919520020484924,0.9293523969722456,1.0,0.6089150546677881
0.9919693470001221,0.9290370058873002,1.0,0.6085996635828427
0.9919857978820801,0.9293523969722456,1.0,0.6089150546677881
0.9919953346252441,0.9301934398654331,1.0,0.6097560975609756
0.9920444488525391,0.9299831791421362,1.0,0.6095458368376787
0.9921426177024841,0.9305088309503785,1.0,0.610071488645921
0.9922133684158325,0.931349873843566,1.0,0.6109125315391085
0.9922524690628052,0.931349873843566,1.0,0.6109125315391085
0.9923570156097412,0.9316652649285113,1.0,0.6112279226240538
0.9924941658973694,0.9324011774600505,1.0,0.6119638351555929
0.9925714135169983,0.9337678721614803,1.0,0.6133305298570227
0.9926037788391113,0.9338730025231287,1.0,0.6134356602186711
0.9926639795303345,0.9343986543313709,1.0,0.6139613120269134
0.9927242398262024,0.9354499579478553,1.0,0.6150126156433978
0.9927376508712769,0.9359756097560976,1.0,0.6155382674516401
0.9927499294281006,0.9359756097560976,1.0,0.6155382674516401
0.9927805662155151,0.9366063919259883,1.0,0.6161690496215307
0.9928270578384399,0.937026913372582,1.0,0.6165895710681245
0.9928535223007202,0.9373423044575273,1.0,0.6169049621530698
0.9928558468818665,0.9371320437342304,1.0,0.6166947014297729
0.9928581714630127,0.9368166526492852,1.0,0.6163793103448276
0.9928855895996094,0.937973086627418,1.0,0.6175357443229604
0.9929302334785461,0.9390243902439024,1.0,0.6185870479394449
0.9930128455162048,0.9383936080740117,1.0,0.6179562657695542
0.9930925369262695,0.9390243902439024,1.0,0.6185870479394449
0.9931104183197021,0.9388141295206055,1.0,0.618376787216148
0.9931290149688721,0.9395500420521447,1.0,0.6191126997476871
0.9931920766830444,0.9412321278385197,1.0,0.6207947855340622
0.9932485818862915,0.9422834314550042,1.0,0.6218460891505466
0.9932681918144226,0.9428090832632464,1.0,0.6223717409587889
0.9932818412780762,0.9433347350714887,1.0,0.6228973927670312
0.9932984113693237,0.9435449957947856,1.0,0.623107653490328
0.9933286905288696,0.94459629941127,1.0,0.6241589571068125
0.9933469295501709,0.9454373423044575,1.0,0.625
0.993350625038147,0.9458578637510513,1.0,0.6254205214465938
0.9933929443359375,0.9466989066442388,1.0,0.6262615643397813
0.9934688806533813,0.9473296888141295,1.0,0.626892346509672
0.9935131072998047,0.9480656013456686,1.0,0.6276282590412111
0.9935382604598999,0.9490117746005047,1.0,0.6285744322960471
0.9935916662216187,0.9496425567703953,1.0,0.6292052144659378
0.993669867515564,0.9501682085786375,1.0,0.62973086627418
0.9937227964401245,0.9506938603868798,1.0,0.6302565180824222
0.9937422275543213,0.9511143818334735,1.0,0.630677039529016
0.9937666654586792,0.9519554247266611,1.0,0.6315180824222035
0.9937969446182251,0.9527964676198486,1.0,0.6323591253153911
0.993838906288147,0.9536375105130361,1.0,0.6332001682085786
0.9938956499099731,0.9542682926829268,1.0,0.6338309503784693
0.9939720034599304,0.954793944491169,1.0,0.6343566021867115
0.9940208196640015,0.9557401177460051,1.0,0.6353027754415476
0.9940352439880371,0.9565811606391926,1.0,0.6361438183347351
0.9940676093101501,0.9574222035323802,1.0,0.6369848612279226
0.9940945506095886,0.9580529857022708,1.0,0.6376156433978133
0.9941210150718689,0.9588940285954584,1.0,0.6384566862910008
0.9941688776016235,0.9580529857022708,1.0,0.6376156433978133
0.9942383766174316,0.9588940285954584,1.0,0.6384566862910008
0.9943333864212036,0.9591042893187552,1.0,0.6386669470142977
0.9944543838500977,0.9597350714886459,1.0,0.6392977291841884
0.9945504665374756,0.962363330529857,1.0,0.6419259882253995
0.9946304559707642,0.962363330529857,1.0,0.6419259882253995
0.9946913719177246,0.9647813288477712,1.0,0.6443439865433137
0.994756817817688,0.9668839360807401,1.0,0.6464465937762826
0.9948194026947021,0.9678301093355761,1.0,0.6473927670311186
0.9948307275772095,0.9686711522287637,1.0,0.6482338099243061
0.9948425889015198,0.9690916736753574,1.0,0.6486543313708999
0.9948937892913818,0.9695121951219512,1.0,0.6490748528174937
0.9949418306350708,0.9698275862068966,1.0,0.649390243902439
0.9949612617492676,0.9694070647603028,1.0,0.6489697224558453
0.9950448274612427,0.9696173254835997,1.0,0.6491799831791422
0.9951149821281433,0.9700378469301935,1.0,0.6496005046257359
0.9951841235160828,0.9706686291000841,1.0,0.6502312867956266
0.9952654838562012,0.9715096719932717,1.0,0.6510723296888141
0.9952797293663025,0.9715096719932717,1.0,0.6510723296888141
0.9953024387359619,0.9715096719932717,1.0,0.6510723296888141
0.9953445792198181,0.9719301934398654,1.0,0.6514928511354079
0.9953732490539551,0.9717199327165685,1.0,0.651282590412111
0.995413064956665,0.9723507148864592,1.0,0.6519133725820017
0.9954496622085571,0.972771236333053,1.0,0.6523338940285954
0.995551347732544,0.9723507148864592,1.0,0.6519133725820017
0.9957278370857239,0.9728763666947015,1.0,0.6524390243902439
0.995816707611084,0.977291841883936,1.0,0.6568544995794785
0.9958286285400391,0.9768713204373423,1.0,0.6564339781328847
0.9958697557449341,0.9768713204373423,1.0,0.6564339781328847
0.9959336519241333,0.9778174936921783,1.0,0.6573801513877208
0.9959752559661865,0.978448275862069,1.0,0.6580109335576114
0.9960086345672607,0.9790790580319596,1.0,0.6586417157275021
0.9960440397262573,0.979394449116905,1.0,0.6589571068124475
0.9960992336273193,0.9800252312867956,1.0,0.6595878889823381
0.9962224960327148,0.9807611438183347,1.0,0.6603238015138772
0.9963483810424805,0.9811816652649286,1.0,0.660744322960471
0.9963963031768799,0.9811816652649286,1.0,0.660744322960471
0.9964051842689514,0.9818124474348192,1.0,0.6613751051303617
0.9964609146118164,0.9819175777964676,1.0,0.6614802354920101
0.9965699911117554,0.9809714045416317,1.0,0.6605340622371741
0.9966539144515991,0.9813919259882254,1.0,0.6609545836837679
0.9966856241226196,0.981286795626577,1.0,0.6608494533221194
0.9966962337493896,0.9821278385197645,1.0,0.661690496215307
0.996719479560852,0.9821278385197645,1.0,0.661690496215307
0.996742844581604,0.9816021867115223,1.0,0.6611648444070648
0.996785581111908,0.9820227081581161,1.0,0.6615853658536586
0.9968553781509399,0.9826534903280068,1.0,0.6622161480235492
0.9969238638877869,0.9835996635828427,1.0,0.6631623212783851
0.9970740675926208,0.9834945332211943,1.0,0.6630571909167368
0.9972162246704102,0.9827586206896551,1.0,0.6623212783851976
0.9972643852233887,0.9828637510513036,1.0,0.6624264087468461
0.9972941875457764,0.9833894028595458,1.0,0.6629520605550883
0.9973576068878174,0.9842304457527334,1.0,0.6637931034482759
0.997430145740509,0.9849663582842725,1.0,0.664529015979815
0.9974455833435059,0.9851766190075694,1.0,0.6647392767031118
0.998713493347168,0.9855971404541631,1.0,0.6651597981497056
0.9999819397926331,0.9862279226240538,1.0,0.6657905803195963
0.9999830722808838,0.9874894869638352,1.0,0.6670521446593777
0.9999843835830688,0.9893818334735072,1.0,0.6689444911690496
0.9999862909317017,0.9899074852817493,1.0,0.6694701429772918
0.9999873638153076,0.9904331370899916,1.0,0.6699957947855341
0.9999879598617554,0.9910639192598822,1.0,0.6706265769554247
0.9999885559082031,0.9910639192598822,1.0,0.6706265769554247
0.9999899864196777,0.9915895710681245,1.0,0.671152228763667
0.9999911785125732,0.9915895710681245,1.0,0.671152228763667
0.9999921321868896,0.9935870479394449,1.0,0.6731497056349873
0.9999936819076538,0.9944280908326325,1.0,0.673990748528175
0.9999942779541016,0.9949537426408747,1.0,0.6745164003364171
0.9999943971633911,0.9965306980656014,1.0,0.6760933557611438
0.9999945163726807,0.9973717409587889,1.0,0.6769343986543314
0.9999948740005493,0.9989486963835156,1.0,0.678511354079058
0.9999957084655762,0.9994743481917577,1.0,0.6790370058873002
0.9999963045120239,1.0004205214465938,1.0,0.6799831791421362
1.001,1.0,1.0,0.6795626576955425
